,Unnamed: 0,DATA NUMBER,YEAR,MONTH,DAY,HOUR,TYPHOON NUMBER,TYPHOON NAME,CLASS,LAT,LON,CENTRAL PRESSURE,MAX WINDSPEED,50KT MAJORAXIS DIRECTION,50KT MAJORAXIS,50KT MINORAXIS,30KT MAJORAXIS DIRECTION,30KT MAJORAXIS,30KT MINORAXIS,LANDING,Datetime,unixtime
0,0,0,2014,1,15,0,1401,LINGLING,2,9.6,129.2,1006,0,0,0,0,0,0,0,0,2014-01-15 00:00:00,1389744000
1,1,1,2014,1,15,6,1401,LINGLING,2,9.6,129.2,1004,0,0,0,0,0,0,0,0,2014-01-15 06:00:00,1389765600
2,2,2,2014,1,15,12,1401,LINGLING,2,9.7,129.0,1008,0,0,0,0,0,0,0,0,2014-01-15 12:00:00,1389787200
3,3,3,2014,1,15,18,1401,LINGLING,2,9.8,128.9,1006,0,0,0,0,0,0,0,0,2014-01-15 18:00:00,1389808800
4,4,4,2014,1,16,0,1401,LINGLING,2,9.8,128.8,1008,0,0,0,0,0,0,0,0,2014-01-16 00:00:00,1389830400
5,5,5,2014,1,16,6,1401,LINGLING,2,9.7,128.6,1004,0,0,0,0,0,0,0,0,2014-01-16 06:00:00,1389852000
6,6,6,2014,1,16,12,1401,LINGLING,2,9.5,128.5,1004,0,0,0,0,0,0,0,0,2014-01-16 12:00:00,1389873600
7,7,7,2014,1,16,18,1401,LINGLING,2,9.3,128.3,1004,0,0,0,0,0,0,0,0,2014-01-16 18:00:00,1389895200
8,8,8,2014,1,17,0,1401,LINGLING,2,9.3,128.3,1004,0,0,0,0,0,0,0,0,2014-01-17 00:00:00,1389916800
9,9,9,2014,1,17,6,1401,LINGLING,2,9.7,127.9,1002,0,0,0,0,0,0,0,0,2014-01-17 06:00:00,1389938400
10,10,10,2014,1,17,12,1401,LINGLING,2,9.7,127.4,1006,0,0,0,0,0,0,0,0,2014-01-17 12:00:00,1389960000
11,11,11,2014,1,17,18,1401,LINGLING,2,9.7,127.4,1006,0,0,0,0,0,0,0,0,2014-01-17 18:00:00,1389981600
12,12,12,2014,1,18,0,1401,LINGLING,3,9.7,127.4,1004,35,0,0,0,7,150,90,0,2014-01-18 00:00:00,1390003200
13,13,13,2014,1,18,6,1401,LINGLING,3,9.7,127.4,1002,35,0,0,0,7,150,90,0,2014-01-18 06:00:00,1390024800
14,14,14,2014,1,18,12,1401,LINGLING,3,9.7,127.4,1004,35,0,0,0,7,150,90,0,2014-01-18 12:00:00,1390046400
15,15,15,2014,1,18,18,1401,LINGLING,3,9.4,127.4,1004,35,0,0,0,7,150,90,0,2014-01-18 18:00:00,1390068000
16,16,16,2014,1,19,0,1401,LINGLING,3,9.2,127.5,1006,35,0,0,0,7,150,90,0,2014-01-19 00:00:00,1390089600
17,17,17,2014,1,19,6,1401,LINGLING,3,9.0,127.5,1004,35,0,0,0,7,150,90,0,2014-01-19 06:00:00,1390111200
18,18,18,2014,1,19,12,1401,LINGLING,3,8.7,127.7,1006,35,0,0,0,7,200,90,0,2014-01-19 12:00:00,1390132800
19,19,19,2014,1,19,18,1401,LINGLING,3,8.2,127.8,1006,35,0,0,0,7,200,90,0,2014-01-19 18:00:00,1390154400
20,20,20,2014,1,20,0,1401,LINGLING,2,7.2,128.3,1008,0,0,0,0,0,0,0,0,2014-01-20 00:00:00,1390176000
21,21,21,2014,1,20,6,1401,LINGLING,2,6.3,129.0,1004,0,0,0,0,0,0,0,0,2014-01-20 06:00:00,1390197600
22,22,22,2014,1,29,0,1402,KAJIKI,2,9.5,143.1,1004,0,0,0,0,0,0,0,0,2014-01-29 00:00:00,1390953600
23,23,23,2014,1,29,6,1402,KAJIKI,2,9.5,141.8,1002,0,0,0,0,0,0,0,0,2014-01-29 06:00:00,1390975200
24,24,24,2014,1,29,12,1402,KAJIKI,2,9.2,140.7,1004,0,0,0,0,0,0,0,0,2014-01-29 12:00:00,1390996800
25,25,25,2014,1,29,18,1402,KAJIKI,2,8.6,139.4,1002,0,0,0,0,0,0,0,0,2014-01-29 18:00:00,1391018400
26,26,26,2014,1,30,0,1402,KAJIKI,2,8.4,137.9,1004,0,0,0,0,0,0,0,0,2014-01-30 00:00:00,1391040000
27,27,27,2014,1,30,6,1402,KAJIKI,2,8.6,136.3,1004,0,0,0,0,0,0,0,0,2014-01-30 06:00:00,1391061600
28,28,28,2014,1,30,12,1402,KAJIKI,2,8.6,134.5,1004,0,0,0,0,0,0,0,0,2014-01-30 12:00:00,1391083200
29,29,29,2014,1,30,18,1402,KAJIKI,2,9.0,132.8,1002,0,0,0,0,0,0,0,0,2014-01-30 18:00:00,1391104800
30,30,30,2014,1,31,0,1402,KAJIKI,3,9.7,130.3,1000,35,0,0,0,7,150,90,0,2014-01-31 00:00:00,1391126400
31,31,31,2014,1,31,6,1402,KAJIKI,3,10.0,128.0,1000,35,0,0,0,7,180,90,0,2014-01-31 06:00:00,1391148000
32,32,32,2014,1,31,12,1402,KAJIKI,3,10.4,126.2,1000,35,0,0,0,7,180,90,0,2014-01-31 12:00:00,1391169600
33,33,33,2014,1,31,18,1402,KAJIKI,3,10.9,124.2,1002,35,0,0,0,7,180,90,0,2014-01-31 18:00:00,1391191200
34,34,34,2014,2,1,0,1402,KAJIKI,3,11.2,121.9,1002,35,0,0,0,7,180,90,0,2014-02-01 00:00:00,1391212800
35,35,35,2014,2,1,6,1402,KAJIKI,2,11.2,120.0,1004,0,0,0,0,0,0,0,0,2014-02-01 06:00:00,1391234400
36,36,36,2014,2,1,12,1402,KAJIKI,2,11.0,118.0,1008,0,0,0,0,0,0,0,0,2014-02-01 12:00:00,1391256000
37,37,37,2014,2,27,12,1403,FAXAI,2,8.7,147.8,1004,0,0,0,0,0,0,0,0,2014-02-27 12:00:00,1393502400
38,38,38,2014,2,27,18,1403,FAXAI,2,8.6,147.8,1002,0,0,0,0,0,0,0,0,2014-02-27 18:00:00,1393524000
39,39,39,2014,2,28,0,1403,FAXAI,2,8.5,148.0,1004,0,0,0,0,0,0,0,0,2014-02-28 00:00:00,1393545600
40,40,40,2014,2,28,6,1403,FAXAI,2,8.5,148.3,1002,0,0,0,0,0,0,0,0,2014-02-28 06:00:00,1393567200
41,41,41,2014,2,28,12,1403,FAXAI,3,8.6,148.5,1000,35,0,0,0,8,150,100,0,2014-02-28 12:00:00,1393588800
42,42,42,2014,2,28,18,1403,FAXAI,3,8.8,149.0,1000,35,0,0,0,8,150,100,0,2014-02-28 18:00:00,1393610400
43,43,43,2014,3,1,0,1403,FAXAI,3,8.9,149.1,998,35,0,0,0,8,150,100,0,2014-03-01 00:00:00,1393632000
44,44,44,2014,3,1,6,1403,FAXAI,3,9.1,149.1,996,35,0,0,0,8,150,100,0,2014-03-01 06:00:00,1393653600
45,45,45,2014,3,1,12,1403,FAXAI,3,9.3,149.2,994,40,0,0,0,8,150,100,0,2014-03-01 12:00:00,1393675200
46,46,46,2014,3,1,18,1403,FAXAI,3,9.2,149.0,994,40,0,0,0,8,150,120,0,2014-03-01 18:00:00,1393696800
47,47,47,2014,3,2,0,1403,FAXAI,3,9.2,148.8,994,40,0,0,0,8,150,120,0,2014-03-02 00:00:00,1393718400
48,48,48,2014,3,2,6,1403,FAXAI,3,9.3,148.5,994,40,0,0,0,8,180,120,0,2014-03-02 06:00:00,1393740000
49,49,49,2014,3,2,12,1403,FAXAI,3,9.5,148.8,994,40,0,0,0,8,180,120,0,2014-03-02 12:00:00,1393761600
50,50,50,2014,3,2,18,1403,FAXAI,3,10.0,149.2,992,40,0,0,0,8,180,120,0,2014-03-02 18:00:00,1393783200
51,51,51,2014,3,3,0,1403,FAXAI,3,10.9,149.7,990,45,0,0,0,8,180,150,0,2014-03-03 00:00:00,1393804800
52,52,52,2014,3,3,6,1403,FAXAI,4,12.2,149.2,985,50,0,0,0,9,180,180,0,2014-03-03 06:00:00,1393826400
53,53,53,2014,3,3,12,1403,FAXAI,4,12.9,149.3,985,50,0,0,0,9,180,180,0,2014-03-03 12:00:00,1393848000
54,54,54,2014,3,3,18,1403,FAXAI,4,13.9,149.5,980,55,9,40,40,9,180,180,0,2014-03-03 18:00:00,1393869600
55,55,55,2014,3,4,0,1403,FAXAI,4,14.7,149.9,980,55,9,70,70,9,180,180,0,2014-03-04 00:00:00,1393891200
56,56,56,2014,3,4,6,1403,FAXAI,4,16.1,150.6,980,60,9,70,70,9,180,180,0,2014-03-04 06:00:00,1393912800
57,57,57,2014,3,4,12,1403,FAXAI,5,17.5,151.2,975,65,9,70,70,8,210,150,0,2014-03-04 12:00:00,1393934400
58,58,58,2014,3,4,18,1403,FAXAI,5,18.8,151.7,975,65,9,70,70,8,210,150,0,2014-03-04 18:00:00,1393956000
59,59,59,2014,3,5,0,1403,FAXAI,4,20.0,152.5,980,60,9,40,40,8,210,150,0,2014-03-05 00:00:00,1393977600
60,60,60,2014,3,5,6,1403,FAXAI,4,21.2,153.5,985,50,0,0,0,8,180,150,0,2014-03-05 06:00:00,1393999200
61,61,61,2014,3,5,12,1403,FAXAI,3,21.9,154.1,990,45,0,0,0,8,150,120,0,2014-03-05 12:00:00,1394020800
62,62,62,2014,3,5,18,1403,FAXAI,6,22.2,155.0,994,0,0,0,0,0,0,0,0,2014-03-05 18:00:00,1394042400
63,63,63,2014,3,6,0,1403,FAXAI,6,23.0,156.0,998,0,0,0,0,0,0,0,0,2014-03-06 00:00:00,1394064000
64,64,64,2014,3,6,6,1403,FAXAI,6,23.3,157.3,996,0,0,0,0,0,0,0,0,2014-03-06 06:00:00,1394085600
65,65,65,2014,3,6,12,1403,FAXAI,6,23.6,158.8,1000,0,0,0,0,0,0,0,0,2014-03-06 12:00:00,1394107200
66,66,66,2014,3,6,18,1403,FAXAI,6,23.2,160.1,1000,0,0,0,0,0,0,0,0,2014-03-06 18:00:00,1394128800
67,67,67,2014,3,7,0,1403,FAXAI,6,22.7,160.8,1004,0,0,0,0,0,0,0,0,2014-03-07 00:00:00,1394150400
68,68,68,2014,3,7,6,1403,FAXAI,6,23.2,161.3,1004,0,0,0,0,0,0,0,0,2014-03-07 06:00:00,1394172000
69,69,69,2014,3,7,12,1403,FAXAI,6,23.5,162.3,1004,0,0,0,0,0,0,0,0,2014-03-07 12:00:00,1394193600
70,70,70,2014,3,7,18,1403,FAXAI,6,24.1,163.3,1004,0,0,0,0,0,0,0,0,2014-03-07 18:00:00,1394215200
71,71,71,2014,3,8,0,1403,FAXAI,6,25.4,165.1,1006,0,0,0,0,0,0,0,0,2014-03-08 00:00:00,1394236800
72,72,72,2014,3,8,6,1403,FAXAI,6,26.2,168.0,1008,0,0,0,0,0,0,0,0,2014-03-08 06:00:00,1394258400
73,73,73,2014,4,2,18,1404,PEIPAH,2,1.8,148.4,1004,0,0,0,0,0,0,0,0,2014-04-02 18:00:00,1396461600
74,74,74,2014,4,3,0,1404,PEIPAH,2,1.9,147.8,1006,0,0,0,0,0,0,0,0,2014-04-03 00:00:00,1396483200
75,75,75,2014,4,3,6,1404,PEIPAH,2,2.0,146.8,1002,0,0,0,0,0,0,0,0,2014-04-03 06:00:00,1396504800
76,76,76,2014,4,3,12,1404,PEIPAH,2,1.9,146.0,1004,0,0,0,0,0,0,0,0,2014-04-03 12:00:00,1396526400
77,77,77,2014,4,3,18,1404,PEIPAH,2,2.1,145.2,1002,0,0,0,0,0,0,0,0,2014-04-03 18:00:00,1396548000
78,78,78,2014,4,4,0,1404,PEIPAH,2,2.6,144.6,1004,0,0,0,0,0,0,0,0,2014-04-04 00:00:00,1396569600
79,79,79,2014,4,4,6,1404,PEIPAH,2,3.1,144.2,1002,0,0,0,0,0,0,0,0,2014-04-04 06:00:00,1396591200
80,80,80,2014,4,4,12,1404,PEIPAH,2,3.5,143.3,1004,0,0,0,0,0,0,0,0,2014-04-04 12:00:00,1396612800
81,81,81,2014,4,4,18,1404,PEIPAH,2,3.9,141.7,1002,0,0,0,0,0,0,0,0,2014-04-04 18:00:00,1396634400
82,82,82,2014,4,5,0,1404,PEIPAH,3,4.3,140.4,1000,35,0,0,0,7,120,90,0,2014-04-05 00:00:00,1396656000
83,83,83,2014,4,5,6,1404,PEIPAH,3,4.8,139.6,998,35,0,0,0,7,120,90,0,2014-04-05 06:00:00,1396677600
84,84,84,2014,4,5,12,1404,PEIPAH,2,5.2,138.8,1002,0,0,0,0,0,0,0,0,2014-04-05 12:00:00,1396699200
85,85,85,2014,4,5,18,1404,PEIPAH,2,5.6,137.9,1004,0,0,0,0,0,0,0,0,2014-04-05 18:00:00,1396720800
86,86,86,2014,4,6,0,1404,PEIPAH,2,6.1,136.8,1006,0,0,0,0,0,0,0,0,2014-04-06 00:00:00,1396742400
87,87,87,2014,4,6,6,1404,PEIPAH,2,6.4,135.8,1004,0,0,0,0,0,0,0,0,2014-04-06 06:00:00,1396764000
88,88,88,2014,4,6,12,1404,PEIPAH,2,6.8,135.3,1006,0,0,0,0,0,0,0,0,2014-04-06 12:00:00,1396785600
89,89,89,2014,4,6,18,1404,PEIPAH,2,7.0,134.5,1004,0,0,0,0,0,0,0,0,2014-04-06 18:00:00,1396807200
90,90,90,2014,4,7,0,1404,PEIPAH,2,6.9,133.0,1004,0,0,0,0,0,0,0,0,2014-04-07 00:00:00,1396828800
91,91,91,2014,4,7,6,1404,PEIPAH,2,6.6,132.3,1002,0,0,0,0,0,0,0,0,2014-04-07 06:00:00,1396850400
92,92,92,2014,4,7,12,1404,PEIPAH,2,6.5,132.0,1004,0,0,0,0,0,0,0,0,2014-04-07 12:00:00,1396872000
93,93,93,2014,4,7,18,1404,PEIPAH,2,6.7,131.9,1002,0,0,0,0,0,0,0,0,2014-04-07 18:00:00,1396893600
94,94,94,2014,4,8,0,1404,PEIPAH,2,6.8,131.6,1006,0,0,0,0,0,0,0,0,2014-04-08 00:00:00,1396915200
95,95,95,2014,4,27,0,1405,TAPAH,2,10.1,146.5,1008,0,0,0,0,0,0,0,0,2014-04-27 00:00:00,1398556800
96,96,96,2014,4,27,6,1405,TAPAH,2,10.4,146.8,1006,0,0,0,0,0,0,0,0,2014-04-27 06:00:00,1398578400
97,97,97,2014,4,27,12,1405,TAPAH,2,11.2,147.0,1006,0,0,0,0,0,0,0,0,2014-04-27 12:00:00,1398600000
98,98,98,2014,4,27,18,1405,TAPAH,2,11.8,147.0,1004,0,0,0,0,0,0,0,0,2014-04-27 18:00:00,1398621600
99,99,99,2014,4,28,0,1405,TAPAH,3,12.5,147.0,1002,35,0,0,0,2,60,40,0,2014-04-28 00:00:00,1398643200
100,100,100,2014,4,28,6,1405,TAPAH,3,13.2,147.2,998,35,0,0,0,2,60,40,0,2014-04-28 06:00:00,1398664800
101,101,101,2014,4,28,12,1405,TAPAH,3,14.0,147.4,994,40,0,0,0,2,80,60,0,2014-04-28 12:00:00,1398686400
102,102,102,2014,4,28,18,1405,TAPAH,3,14.8,147.4,990,45,0,0,0,2,80,60,0,2014-04-28 18:00:00,1398708000
103,103,103,2014,4,29,0,1405,TAPAH,4,15.6,147.3,985,50,0,0,0,2,100,60,0,2014-04-29 00:00:00,1398729600
104,104,104,2014,4,29,6,1405,TAPAH,4,16.5,147.4,985,50,0,0,0,2,100,60,0,2014-04-29 06:00:00,1398751200
105,105,105,2014,4,29,12,1405,TAPAH,4,17.2,147.5,985,50,0,0,0,2,100,60,0,2014-04-29 12:00:00,1398772800
106,106,106,2014,4,29,18,1405,TAPAH,4,18.0,147.5,985,50,0,0,0,2,100,60,0,2014-04-29 18:00:00,1398794400
107,107,107,2014,4,30,0,1405,TAPAH,4,18.7,147.4,985,50,0,0,0,2,100,60,0,2014-04-30 00:00:00,1398816000
108,108,108,2014,4,30,6,1405,TAPAH,3,19.3,147.2,990,45,0,0,0,2,80,60,0,2014-04-30 06:00:00,1398837600
109,109,109,2014,4,30,12,1405,TAPAH,3,19.8,146.8,996,40,0,0,0,2,80,60,0,2014-04-30 12:00:00,1398859200
110,110,110,2014,4,30,18,1405,TAPAH,3,20.5,146.1,1002,35,0,0,0,2,60,40,0,2014-04-30 18:00:00,1398880800
111,111,111,2014,5,1,0,1405,TAPAH,2,21.3,145.3,1006,0,0,0,0,0,0,0,0,2014-05-01 00:00:00,1398902400
112,112,112,2014,5,1,6,1405,TAPAH,2,22.0,144.4,1008,0,0,0,0,0,0,0,0,2014-05-01 06:00:00,1398924000
113,113,113,2014,5,1,12,1405,TAPAH,2,22.8,143.8,1008,0,0,0,0,0,0,0,0,2014-05-01 12:00:00,1398945600
114,114,114,2014,5,1,18,1405,TAPAH,2,23.5,144.0,1008,0,0,0,0,0,0,0,0,2014-05-01 18:00:00,1398967200
115,115,115,2014,5,2,0,1405,TAPAH,2,24.1,144.2,1010,0,0,0,0,0,0,0,0,2014-05-02 00:00:00,1398988800
116,116,116,2014,5,2,6,1405,TAPAH,2,24.9,145.2,1012,0,0,0,0,0,0,0,0,2014-05-02 06:00:00,1399010400
117,117,117,2014,6,9,0,1406,MITAG,2,21.0,120.0,1000,0,0,0,0,0,0,0,0,2014-06-09 00:00:00,1402272000
118,118,118,2014,6,9,6,1406,MITAG,2,21.0,120.7,1000,0,0,0,0,0,0,0,0,2014-06-09 06:00:00,1402293600
119,119,119,2014,6,9,12,1406,MITAG,2,21.1,121.1,1000,0,0,0,0,0,0,0,0,2014-06-09 12:00:00,1402315200
120,120,120,2014,6,9,18,1406,MITAG,2,21.1,121.6,998,0,0,0,0,0,0,0,0,2014-06-09 18:00:00,1402336800
121,121,121,2014,6,10,0,1406,MITAG,2,21.4,122.0,998,0,0,0,0,0,0,0,0,2014-06-10 00:00:00,1402358400
122,122,122,2014,6,10,6,1406,MITAG,2,22.0,122.6,998,0,0,0,0,0,0,0,0,2014-06-10 06:00:00,1402380000
123,123,123,2014,6,10,12,1406,MITAG,2,22.4,123.7,998,0,0,0,0,0,0,0,0,2014-06-10 12:00:00,1402401600
124,124,124,2014,6,10,18,1406,MITAG,2,23.1,124.8,998,0,0,0,0,0,0,0,0,2014-06-10 18:00:00,1402423200
125,125,125,2014,6,11,0,1406,MITAG,3,23.4,125.9,996,35,0,0,0,3,130,70,0,2014-06-11 00:00:00,1402444800
126,126,126,2014,6,11,6,1406,MITAG,3,24.0,128.1,994,40,0,0,0,3,140,80,0,2014-06-11 06:00:00,1402466400
127,127,127,2014,6,11,12,1406,MITAG,3,25.6,130.1,994,40,0,0,0,3,140,80,0,2014-06-11 12:00:00,1402488000
128,128,128,2014,6,11,18,1406,MITAG,3,27.2,132.5,994,40,0,0,0,3,150,70,0,2014-06-11 18:00:00,1402509600
129,129,129,2014,6,12,0,1406,MITAG,6,28.8,135.9,994,0,0,0,0,0,0,0,0,2014-06-12 00:00:00,1402531200
130,130,130,2014,6,13,0,1407,HAGIBIS,2,18.8,116.0,998,0,0,0,0,0,0,0,0,2014-06-13 00:00:00,1402617600
131,131,131,2014,6,13,6,1407,HAGIBIS,2,19.4,116.7,998,0,0,0,0,0,0,0,0,2014-06-13 06:00:00,1402639200
132,132,132,2014,6,13,12,1407,HAGIBIS,2,19.6,116.9,998,0,0,0,0,0,0,0,0,2014-06-13 12:00:00,1402660800
133,133,133,2014,6,13,18,1407,HAGIBIS,2,20.1,117.1,998,0,0,0,0,0,0,0,0,2014-06-13 18:00:00,1402682400
134,134,134,2014,6,14,0,1407,HAGIBIS,3,20.6,117.0,996,35,0,0,0,9,180,180,0,2014-06-14 00:00:00,1402704000
135,135,135,2014,6,14,6,1407,HAGIBIS,3,20.9,116.7,996,35,0,0,0,9,180,180,0,2014-06-14 06:00:00,1402725600
136,136,136,2014,6,14,12,1407,HAGIBIS,3,21.2,116.9,996,35,0,0,0,9,180,180,0,2014-06-14 12:00:00,1402747200
137,137,137,2014,6,14,18,1407,HAGIBIS,3,21.6,116.9,996,35,0,0,0,9,180,180,0,2014-06-14 18:00:00,1402768800
138,138,138,2014,6,15,0,1407,HAGIBIS,3,22.0,116.7,996,35,0,0,0,9,150,150,0,2014-06-15 00:00:00,1402790400
139,139,139,2014,6,15,6,1407,HAGIBIS,3,22.7,116.4,996,35,0,0,0,9,120,120,0,2014-06-15 06:00:00,1402812000
140,140,140,2014,6,15,12,1407,HAGIBIS,3,23.0,116.4,996,35,0,0,0,9,80,80,0,2014-06-15 12:00:00,1402833600
141,141,141,2014,6,15,18,1407,HAGIBIS,2,23.7,116.3,998,0,0,0,0,0,0,0,0,2014-06-15 18:00:00,1402855200
142,142,142,2014,6,16,0,1407,HAGIBIS,2,24.3,116.5,1000,0,0,0,0,0,0,0,0,2014-06-16 00:00:00,1402876800
143,143,143,2014,6,16,6,1407,HAGIBIS,2,25.5,117.6,1000,0,0,0,0,0,0,0,0,2014-06-16 06:00:00,1402898400
144,144,144,2014,6,16,12,1407,HAGIBIS,2,25.9,118.7,1000,0,0,0,0,0,0,0,0,2014-06-16 12:00:00,1402920000
145,145,145,2014,6,16,18,1407,HAGIBIS,2,26.4,120.5,1000,0,0,0,0,0,0,0,0,2014-06-16 18:00:00,1402941600
146,146,146,2014,6,17,0,1407,HAGIBIS,3,27.4,122.6,998,40,0,0,0,5,120,70,0,2014-06-17 00:00:00,1402963200
147,147,147,2014,6,17,6,1407,HAGIBIS,3,28.5,125.7,996,40,0,0,0,5,120,70,0,2014-06-17 06:00:00,1402984800
148,148,148,2014,6,17,12,1407,HAGIBIS,2,29.2,130.0,1000,0,0,0,0,0,0,0,0,2014-06-17 12:00:00,1403006400
149,149,149,2014,6,17,18,1407,HAGIBIS,6,31.0,133.0,996,0,0,0,0,0,0,0,0,2014-06-17 18:00:00,1403028000
150,150,150,2014,6,18,0,1407,HAGIBIS,6,31.0,137.2,996,0,0,0,0,0,0,0,0,2014-06-18 00:00:00,1403049600
151,151,151,2014,6,18,6,1407,HAGIBIS,6,31.4,140.7,994,0,0,0,0,0,0,0,0,2014-06-18 06:00:00,1403071200
152,152,152,2014,6,18,12,1407,HAGIBIS,6,31.9,142.9,994,0,0,0,0,0,0,0,0,2014-06-18 12:00:00,1403092800
153,153,153,2014,6,18,18,1407,HAGIBIS,6,32.2,145.2,990,0,0,0,0,0,0,0,0,2014-06-18 18:00:00,1403114400
154,154,154,2014,6,19,0,1407,HAGIBIS,6,32.8,148.0,990,0,0,0,0,0,0,0,0,2014-06-19 00:00:00,1403136000
155,155,155,2014,6,19,6,1407,HAGIBIS,6,33.0,150.5,988,0,0,0,0,0,0,0,0,2014-06-19 06:00:00,1403157600
156,156,156,2014,6,19,12,1407,HAGIBIS,6,32.9,152.3,992,0,0,0,0,0,0,0,0,2014-06-19 12:00:00,1403179200
157,157,157,2014,6,19,18,1407,HAGIBIS,6,33.0,154.1,994,0,0,0,0,0,0,0,0,2014-06-19 18:00:00,1403200800
158,158,158,2014,6,20,0,1407,HAGIBIS,6,33.4,156.3,996,0,0,0,0,0,0,0,0,2014-06-20 00:00:00,1403222400
159,159,159,2014,6,20,6,1407,HAGIBIS,6,34.1,158.7,1000,0,0,0,0,0,0,0,0,2014-06-20 06:00:00,1403244000
160,160,160,2014,6,20,12,1407,HAGIBIS,6,35.0,160.4,1002,0,0,0,0,0,0,0,0,2014-06-20 12:00:00,1403265600
161,161,161,2014,6,20,18,1407,HAGIBIS,6,35.7,161.8,1004,0,0,0,0,0,0,0,0,2014-06-20 18:00:00,1403287200
162,162,162,2014,6,21,0,1407,HAGIBIS,6,36.7,163.2,1004,0,0,0,0,0,0,0,0,2014-06-21 00:00:00,1403308800
163,163,163,2014,6,21,6,1407,HAGIBIS,6,37.7,164.8,1004,0,0,0,0,0,0,0,0,2014-06-21 06:00:00,1403330400
164,164,164,2014,6,21,12,1407,HAGIBIS,6,38.7,166.4,1006,0,0,0,0,0,0,0,0,2014-06-21 12:00:00,1403352000
165,165,165,2014,6,21,18,1407,HAGIBIS,6,39.6,169.3,1008,0,0,0,0,0,0,0,0,2014-06-21 18:00:00,1403373600
166,166,166,2014,6,22,0,1407,HAGIBIS,6,40.4,172.2,1006,0,0,0,0,0,0,0,0,2014-06-22 00:00:00,1403395200
167,167,167,2014,6,22,6,1407,HAGIBIS,6,41.6,175.2,1004,0,0,0,0,0,0,0,0,2014-06-22 06:00:00,1403416800
168,168,168,2014,6,22,12,1407,HAGIBIS,6,42.9,177.0,1004,0,0,0,0,0,0,0,0,2014-06-22 12:00:00,1403438400
169,169,169,2014,6,22,18,1407,HAGIBIS,6,43.6,178.9,1004,0,0,0,0,0,0,0,0,2014-06-22 18:00:00,1403460000
170,170,170,2014,6,23,0,1407,HAGIBIS,6,43.8,183.2,1004,0,0,0,0,0,0,0,0,2014-06-23 00:00:00,1403481600
171,171,171,2014,7,2,12,1408,NEOGURI,2,8.4,146.8,1006,0,0,0,0,0,0,0,0,2014-07-02 12:00:00,1404302400
172,172,172,2014,7,2,18,1408,NEOGURI,2,8.9,146.0,1004,0,0,0,0,0,0,0,0,2014-07-02 18:00:00,1404324000
173,173,173,2014,7,3,0,1408,NEOGURI,2,9.2,145.6,1004,0,0,0,0,0,0,0,0,2014-07-03 00:00:00,1404345600
174,174,174,2014,7,3,6,1408,NEOGURI,2,9.6,144.8,1004,0,0,0,0,0,0,0,0,2014-07-03 06:00:00,1404367200
175,175,175,2014,7,3,12,1408,NEOGURI,2,10.4,144.1,1002,0,0,0,0,0,0,0,0,2014-07-03 12:00:00,1404388800
176,176,176,2014,7,3,18,1408,NEOGURI,3,11.4,143.3,1000,35,0,0,0,3,240,180,0,2014-07-03 18:00:00,1404410400
177,177,177,2014,7,4,0,1408,NEOGURI,3,12.0,142.6,996,40,0,0,0,3,240,180,0,2014-07-04 00:00:00,1404432000
178,178,178,2014,7,4,6,1408,NEOGURI,3,13.0,141.3,990,45,0,0,0,3,240,180,0,2014-07-04 06:00:00,1404453600
179,179,179,2014,7,4,12,1408,NEOGURI,5,14.0,140.5,975,65,9,70,70,3,240,180,0,2014-07-04 12:00:00,1404475200
180,180,180,2014,7,4,18,1408,NEOGURI,5,14.5,139.1,970,70,9,70,70,3,240,180,0,2014-07-04 18:00:00,1404496800
181,181,181,2014,7,5,0,1408,NEOGURI,5,15.2,138.3,965,75,9,80,80,3,270,220,0,2014-07-05 00:00:00,1404518400
182,182,182,2014,7,5,6,1408,NEOGURI,5,16.0,137.0,955,80,9,80,80,3,270,220,0,2014-07-05 06:00:00,1404540000
183,183,183,2014,7,5,12,1408,NEOGURI,5,16.7,136.0,945,85,9,90,90,4,350,210,0,2014-07-05 12:00:00,1404561600
184,184,184,2014,7,5,18,1408,NEOGURI,5,17.4,134.5,945,85,9,90,90,4,350,210,0,2014-07-05 18:00:00,1404583200
185,185,185,2014,7,6,0,1408,NEOGURI,5,18.0,133.0,935,95,9,100,100,4,350,240,0,2014-07-06 00:00:00,1404604800
186,186,186,2014,7,6,6,1408,NEOGURI,5,18.4,131.5,935,95,9,100,100,3,350,240,0,2014-07-06 06:00:00,1404626400
187,187,187,2014,7,6,12,1408,NEOGURI,5,18.9,130.3,935,95,9,100,100,3,375,240,0,2014-07-06 12:00:00,1404648000
188,188,188,2014,7,6,18,1408,NEOGURI,5,19.7,129.1,930,100,9,110,110,3,375,240,0,2014-07-06 18:00:00,1404669600
189,189,189,2014,7,7,0,1408,NEOGURI,5,20.4,128.3,930,100,9,110,110,3,375,240,0,2014-07-07 00:00:00,1404691200
190,190,190,2014,7,7,6,1408,NEOGURI,5,21.6,127.3,935,95,9,110,110,3,375,240,0,2014-07-07 06:00:00,1404712800
191,191,192,2014,7,7,12,1408,NEOGURI,5,22.3,126.8,940,90,3,140,110,3,375,240,0,2014-07-07 12:00:00,1404734400
192,192,194,2014,7,7,18,1408,NEOGURI,5,23.7,126.2,940,90,3,140,110,3,375,240,0,2014-07-07 18:00:00,1404756000
193,193,196,2014,7,8,0,1408,NEOGURI,5,25.0,126.1,940,90,2,140,100,2,375,240,0,2014-07-08 00:00:00,1404777600
194,194,198,2014,7,8,6,1408,NEOGURI,5,26.5,125.7,945,85,2,170,80,2,375,240,0,2014-07-08 06:00:00,1404799200
195,195,200,2014,7,8,12,1408,NEOGURI,5,27.7,125.7,945,85,2,170,80,3,375,240,0,2014-07-08 12:00:00,1404820800
196,196,202,2014,7,8,18,1408,NEOGURI,5,28.9,125.8,955,75,2,170,80,3,375,240,0,2014-07-08 18:00:00,1404842400
197,197,204,2014,7,9,0,1408,NEOGURI,5,30.4,126.2,965,70,2,120,60,2,350,210,0,2014-07-09 00:00:00,1404864000
198,198,206,2014,7,9,6,1408,NEOGURI,4,31.4,126.9,970,60,2,120,50,2,325,210,0,2014-07-09 06:00:00,1404885600
199,199,208,2014,7,9,12,1408,NEOGURI,4,31.7,127.6,970,55,2,120,40,2,325,210,0,2014-07-09 12:00:00,1404907200
200,200,210,2014,7,9,18,1408,NEOGURI,4,32.1,129.2,975,50,0,0,0,3,325,210,0,2014-07-09 18:00:00,1404928800
201,201,212,2014,7,10,0,1408,NEOGURI,4,32.1,131.5,985,50,0,0,0,3,325,210,0,2014-07-10 00:00:00,1404950400
202,202,214,2014,7,10,6,1408,NEOGURI,4,33.0,134.3,985,50,0,0,0,3,325,210,0,2014-07-10 06:00:00,1404972000
203,203,216,2014,7,10,12,1408,NEOGURI,4,33.8,136.8,990,50,0,0,0,4,325,180,0,2014-07-10 12:00:00,1404993600
204,204,219,2014,7,10,18,1408,NEOGURI,3,34.7,139.1,990,45,0,0,0,4,325,180,0,2014-07-10 18:00:00,1405015200
205,205,222,2014,7,11,0,1408,NEOGURI,6,37.0,142.0,990,0,0,0,0,0,0,0,0,2014-07-11 00:00:00,1405036800
206,206,223,2014,7,11,6,1408,NEOGURI,6,38.0,142.9,990,0,0,0,0,0,0,0,0,2014-07-11 06:00:00,1405058400
207,207,224,2014,7,11,12,1408,NEOGURI,6,39.8,145.5,992,0,0,0,0,0,0,0,0,2014-07-11 12:00:00,1405080000
208,208,225,2014,7,11,18,1408,NEOGURI,6,43.2,147.8,992,0,0,0,0,0,0,0,0,2014-07-11 18:00:00,1405101600
209,209,226,2014,7,12,0,1408,NEOGURI,6,46.2,147.7,992,0,0,0,0,0,0,0,0,2014-07-12 00:00:00,1405123200
210,210,227,2014,7,12,6,1408,NEOGURI,6,49.3,147.2,992,0,0,0,0,0,0,0,0,2014-07-12 06:00:00,1405144800
211,211,228,2014,7,12,12,1408,NEOGURI,6,50.2,148.4,994,0,0,0,0,0,0,0,0,2014-07-12 12:00:00,1405166400
212,212,229,2014,7,12,18,1408,NEOGURI,6,51.2,148.8,994,0,0,0,0,0,0,0,0,2014-07-12 18:00:00,1405188000
213,213,230,2014,7,13,0,1408,NEOGURI,6,52.4,149.5,996,0,0,0,0,0,0,0,0,2014-07-13 00:00:00,1405209600
214,214,231,2014,7,13,6,1408,NEOGURI,6,53.7,149.5,996,0,0,0,0,0,0,0,0,2014-07-13 06:00:00,1405231200
215,215,232,2014,7,9,6,1409,RAMMASUN,2,8.0,154.3,1006,0,0,0,0,0,0,0,0,2014-07-09 06:00:00,1404885600
216,216,233,2014,7,9,12,1409,RAMMASUN,2,8.0,153.6,1008,0,0,0,0,0,0,0,0,2014-07-09 12:00:00,1404907200
217,217,234,2014,7,9,18,1409,RAMMASUN,2,8.4,152.8,1006,0,0,0,0,0,0,0,0,2014-07-09 18:00:00,1404928800
218,218,235,2014,7,10,0,1409,RAMMASUN,2,8.8,152.0,1008,0,0,0,0,0,0,0,0,2014-07-10 00:00:00,1404950400
219,219,236,2014,7,10,6,1409,RAMMASUN,2,9.8,151.4,1006,0,0,0,0,0,0,0,0,2014-07-10 06:00:00,1404972000
220,220,237,2014,7,10,12,1409,RAMMASUN,2,10.8,150.4,1008,0,0,0,0,0,0,0,0,2014-07-10 12:00:00,1404993600
221,221,238,2014,7,10,18,1409,RAMMASUN,2,11.8,149.5,1006,0,0,0,0,0,0,0,0,2014-07-10 18:00:00,1405015200
222,222,239,2014,7,11,0,1409,RAMMASUN,2,12.3,148.8,1006,0,0,0,0,0,0,0,0,2014-07-11 00:00:00,1405036800
223,223,240,2014,7,11,6,1409,RAMMASUN,2,13.0,147.5,1006,0,0,0,0,0,0,0,0,2014-07-11 06:00:00,1405058400
224,224,241,2014,7,11,12,1409,RAMMASUN,2,13.6,146.8,1008,0,0,0,0,0,0,0,0,2014-07-11 12:00:00,1405080000
225,225,242,2014,7,11,18,1409,RAMMASUN,2,13.9,145.9,1008,0,0,0,0,0,0,0,0,2014-07-11 18:00:00,1405101600
226,226,243,2014,7,12,0,1409,RAMMASUN,2,13.9,144.3,1006,0,0,0,0,0,0,0,0,2014-07-12 00:00:00,1405123200
227,227,244,2014,7,12,6,1409,RAMMASUN,3,13.4,142.7,1004,35,0,0,0,9,50,50,0,2014-07-12 06:00:00,1405144800
228,228,245,2014,7,12,12,1409,RAMMASUN,3,13.5,141.1,1002,35,0,0,0,9,50,50,0,2014-07-12 12:00:00,1405166400
229,229,246,2014,7,12,18,1409,RAMMASUN,3,13.6,139.7,1000,35,0,0,0,9,50,50,0,2014-07-12 18:00:00,1405188000
230,230,247,2014,7,13,0,1409,RAMMASUN,3,13.7,137.5,998,40,0,0,0,9,70,70,0,2014-07-13 00:00:00,1405209600
231,231,248,2014,7,13,6,1409,RAMMASUN,3,13.5,135.9,998,40,0,0,0,9,70,70,0,2014-07-13 06:00:00,1405231200
232,232,249,2014,7,13,12,1409,RAMMASUN,3,13.4,134.2,994,40,0,0,0,9,70,70,0,2014-07-13 12:00:00,1405252800
233,233,250,2014,7,13,18,1409,RAMMASUN,3,13.4,132.4,990,45,0,0,0,9,100,100,0,2014-07-13 18:00:00,1405274400
234,234,251,2014,7,14,0,1409,RAMMASUN,4,13.1,130.6,985,50,0,0,0,9,120,120,0,2014-07-14 00:00:00,1405296000
235,235,252,2014,7,14,6,1409,RAMMASUN,4,12.8,129.2,980,55,9,40,40,9,140,140,0,2014-07-14 06:00:00,1405317600
236,236,253,2014,7,14,12,1409,RAMMASUN,4,12.7,128.2,975,55,9,40,40,9,140,140,0,2014-07-14 12:00:00,1405339200
237,237,254,2014,7,14,18,1409,RAMMASUN,5,12.6,126.9,965,65,9,40,40,9,140,140,0,2014-07-14 18:00:00,1405360800
238,238,255,2014,7,15,0,1409,RAMMASUN,5,12.7,125.6,960,70,9,50,50,9,150,150,0,2014-07-15 00:00:00,1405382400
239,239,256,2014,7,15,6,1409,RAMMASUN,5,12.9,124.7,950,80,9,50,50,9,150,150,0,2014-07-15 06:00:00,1405404000
240,240,257,2014,7,15,12,1409,RAMMASUN,5,13.4,123.4,945,85,9,50,50,9,150,150,0,2014-07-15 12:00:00,1405425600
241,241,258,2014,7,15,18,1409,RAMMASUN,5,14.0,121.9,945,85,9,50,50,9,150,150,0,2014-07-15 18:00:00,1405447200
242,242,259,2014,7,16,0,1409,RAMMASUN,5,14.2,120.4,960,70,9,40,40,9,150,150,0,2014-07-16 00:00:00,1405468800
243,243,260,2014,7,16,6,1409,RAMMASUN,5,15.1,119.0,965,65,9,40,40,9,150,150,0,2014-07-16 06:00:00,1405490400
244,244,261,2014,7,16,12,1409,RAMMASUN,4,15.1,117.6,970,60,9,40,40,9,160,160,0,2014-07-16 12:00:00,1405512000
245,245,262,2014,7,16,18,1409,RAMMASUN,4,15.6,116.8,970,60,9,40,40,9,160,160,0,2014-07-16 18:00:00,1405533600
246,246,263,2014,7,17,0,1409,RAMMASUN,5,16.2,115.6,960,65,9,50,50,9,160,160,0,2014-07-17 00:00:00,1405555200
247,247,264,2014,7,17,6,1409,RAMMASUN,5,16.9,114.9,960,65,9,50,50,9,160,160,0,2014-07-17 06:00:00,1405576800
248,248,265,2014,7,17,12,1409,RAMMASUN,5,17.5,114.3,955,70,9,50,50,9,160,160,0,2014-07-17 12:00:00,1405598400
249,249,266,2014,7,17,18,1409,RAMMASUN,5,18.5,113.4,945,80,9,60,60,9,160,160,0,2014-07-17 18:00:00,1405620000
250,250,267,2014,7,18,0,1409,RAMMASUN,5,19.1,112.3,940,85,9,60,60,2,180,120,0,2014-07-18 00:00:00,1405641600
251,251,268,2014,7,18,6,1409,RAMMASUN,5,20.0,111.2,935,90,9,70,70,2,180,120,0,2014-07-18 06:00:00,1405663200
252,252,269,2014,7,18,12,1409,RAMMASUN,5,20.3,110.2,940,90,9,70,70,2,180,120,0,2014-07-18 12:00:00,1405684800
253,253,270,2014,7,18,18,1409,RAMMASUN,5,21.0,109.4,955,70,9,60,60,9,120,120,0,2014-07-18 18:00:00,1405706400
254,254,271,2014,7,19,0,1409,RAMMASUN,4,21.8,108.1,965,50,0,0,0,9,80,80,0,2014-07-19 00:00:00,1405728000
255,255,272,2014,7,19,6,1409,RAMMASUN,3,22.2,107.0,980,40,0,0,0,9,60,60,0,2014-07-19 06:00:00,1405749600
256,256,273,2014,7,19,12,1409,RAMMASUN,3,22.5,106.1,990,35,0,0,0,9,40,40,0,2014-07-19 12:00:00,1405771200
257,257,274,2014,7,19,18,1409,RAMMASUN,2,22.7,104.4,996,0,0,0,0,0,0,0,0,2014-07-19 18:00:00,1405792800
258,258,275,2014,7,20,0,1409,RAMMASUN,2,23.0,103.6,998,0,0,0,0,0,0,0,0,2014-07-20 00:00:00,1405814400
259,259,276,2014,7,16,6,1410,MATMO,2,10.0,136.8,1006,0,0,0,0,0,0,0,0,2014-07-16 06:00:00,1405490400
260,260,277,2014,7,16,12,1410,MATMO,2,9.8,136.6,1008,0,0,0,0,0,0,0,0,2014-07-16 12:00:00,1405512000
261,261,278,2014,7,16,18,1410,MATMO,2,9.7,136.2,1006,0,0,0,0,0,0,0,0,2014-07-16 18:00:00,1405533600
262,262,279,2014,7,17,0,1410,MATMO,2,9.7,135.9,1006,0,0,0,0,0,0,0,0,2014-07-17 00:00:00,1405555200
263,263,280,2014,7,17,6,1410,MATMO,2,10.0,135.6,1006,0,0,0,0,0,0,0,0,2014-07-17 06:00:00,1405576800
264,264,281,2014,7,17,12,1410,MATMO,3,10.1,135.4,1004,35,0,0,0,3,100,60,0,2014-07-17 12:00:00,1405598400
265,265,282,2014,7,17,18,1410,MATMO,3,10.4,135.1,1000,40,0,0,0,3,120,60,0,2014-07-17 18:00:00,1405620000
266,266,283,2014,7,18,0,1410,MATMO,3,10.5,134.8,1000,40,0,0,0,3,120,60,0,2014-07-18 00:00:00,1405641600
267,267,284,2014,7,18,6,1410,MATMO,3,10.6,133.9,996,45,0,0,0,3,120,80,0,2014-07-18 06:00:00,1405663200
268,268,285,2014,7,18,12,1410,MATMO,3,10.6,133.1,996,45,0,0,0,3,120,80,0,2014-07-18 12:00:00,1405684800
269,269,286,2014,7,18,18,1410,MATMO,4,10.9,132.3,990,50,0,0,0,3,140,80,0,2014-07-18 18:00:00,1405706400
270,270,287,2014,7,19,0,1410,MATMO,4,10.9,131.5,985,55,9,30,30,3,150,100,0,2014-07-19 00:00:00,1405728000
271,271,288,2014,7,19,6,1410,MATMO,4,11.1,130.9,980,60,9,60,60,3,150,100,0,2014-07-19 06:00:00,1405749600
272,272,289,2014,7,19,12,1410,MATMO,4,11.5,130.5,980,60,9,60,60,3,180,100,0,2014-07-19 12:00:00,1405771200
273,273,290,2014,7,19,18,1410,MATMO,4,12.0,130.0,980,60,9,60,60,3,180,100,0,2014-07-19 18:00:00,1405792800
274,274,291,2014,7,20,0,1410,MATMO,4,12.9,129.6,980,60,9,60,60,4,200,120,0,2014-07-20 00:00:00,1405814400
275,275,292,2014,7,20,6,1410,MATMO,4,13.6,128.9,980,60,9,60,60,4,200,120,0,2014-07-20 06:00:00,1405836000
276,276,293,2014,7,20,12,1410,MATMO,4,14.2,128.2,980,60,9,60,60,4,240,150,0,2014-07-20 12:00:00,1405857600
277,277,294,2014,7,20,18,1410,MATMO,5,14.9,127.7,975,65,9,60,60,4,240,150,0,2014-07-20 18:00:00,1405879200
278,278,295,2014,7,21,0,1410,MATMO,5,16.2,127.3,965,70,9,70,70,4,240,150,0,2014-07-21 00:00:00,1405900800
279,279,296,2014,7,21,6,1410,MATMO,5,17.7,126.3,965,70,9,70,70,4,240,150,0,2014-07-21 06:00:00,1405922400
280,280,297,2014,7,21,12,1410,MATMO,5,18.3,125.3,965,70,9,70,70,4,240,180,0,2014-07-21 12:00:00,1405944000
281,281,298,2014,7,21,18,1410,MATMO,5,19.2,124.3,965,70,9,70,70,4,240,180,0,2014-07-21 18:00:00,1405965600
282,282,299,2014,7,22,0,1410,MATMO,5,20.4,123.7,965,70,9,70,70,3,240,180,0,2014-07-22 00:00:00,1405987200
283,283,300,2014,7,22,6,1410,MATMO,5,21.8,122.7,965,70,9,70,70,2,240,200,0,2014-07-22 06:00:00,1406008800
284,284,301,2014,7,22,12,1410,MATMO,5,22.4,122.0,965,70,9,70,70,2,240,200,0,2014-07-22 12:00:00,1406030400
285,285,302,2014,7,22,18,1410,MATMO,4,23.6,120.9,975,60,9,30,30,2,240,180,0,2014-07-22 18:00:00,1406052000
286,286,303,2014,7,23,0,1410,MATMO,4,24.5,120.2,985,50,0,0,0,2,240,180,0,2014-07-23 00:00:00,1406073600
287,287,304,2014,7,23,6,1410,MATMO,4,25.1,119.6,985,50,0,0,0,2,240,180,0,2014-07-23 06:00:00,1406095200
288,288,305,2014,7,23,12,1410,MATMO,3,25.5,118.7,985,45,0,0,0,2,250,180,0,2014-07-23 12:00:00,1406116800
289,289,306,2014,7,23,18,1410,MATMO,3,26.6,118.2,990,40,0,0,0,2,270,180,0,2014-07-23 18:00:00,1406138400
290,290,307,2014,7,24,0,1410,MATMO,3,27.9,117.7,992,35,0,0,0,2,270,180,0,2014-07-24 00:00:00,1406160000
291,291,308,2014,7,24,6,1410,MATMO,3,29.4,117.9,992,35,0,0,0,2,270,180,0,2014-07-24 06:00:00,1406181600
292,292,309,2014,7,24,12,1410,MATMO,3,30.8,118.3,992,35,0,0,0,2,270,150,0,2014-07-24 12:00:00,1406203200
293,293,310,2014,7,24,18,1410,MATMO,3,32.1,118.8,992,35,0,0,0,2,270,150,0,2014-07-24 18:00:00,1406224800
294,294,311,2014,7,25,0,1410,MATMO,3,33.4,119.7,992,35,0,0,0,2,300,150,0,2014-07-25 00:00:00,1406246400
295,295,312,2014,7,25,6,1410,MATMO,6,36.0,122.0,994,0,0,0,0,0,0,0,0,2014-07-25 06:00:00,1406268000
296,296,313,2014,7,25,12,1410,MATMO,6,37.3,123.2,994,0,0,0,0,0,0,0,0,2014-07-25 12:00:00,1406289600
297,297,314,2014,7,25,18,1410,MATMO,6,38.3,124.2,996,0,0,0,0,0,0,0,0,2014-07-25 18:00:00,1406311200
298,298,315,2014,7,26,0,1410,MATMO,6,39.6,125.8,1000,0,0,0,0,0,0,0,0,2014-07-26 00:00:00,1406332800
299,299,316,2014,7,27,18,1411,HALONG,2,11.3,151.8,1006,0,0,0,0,0,0,0,0,2014-07-27 18:00:00,1406484000
300,300,317,2014,7,28,0,1411,HALONG,2,11.4,151.0,1008,0,0,0,0,0,0,0,0,2014-07-28 00:00:00,1406505600
301,301,318,2014,7,28,6,1411,HALONG,2,11.5,150.3,1006,0,0,0,0,0,0,0,0,2014-07-28 06:00:00,1406527200
302,302,319,2014,7,28,12,1411,HALONG,2,11.7,149.6,1008,0,0,0,0,0,0,0,0,2014-07-28 12:00:00,1406548800
303,303,320,2014,7,28,18,1411,HALONG,2,12.0,148.9,1008,0,0,0,0,0,0,0,0,2014-07-28 18:00:00,1406570400
304,304,321,2014,7,29,0,1411,HALONG,3,12.4,148.3,1002,35,0,0,0,9,150,150,0,2014-07-29 00:00:00,1406592000
305,305,322,2014,7,29,6,1411,HALONG,3,12.8,147.9,998,35,0,0,0,9,150,150,0,2014-07-29 06:00:00,1406613600
306,306,323,2014,7,29,12,1411,HALONG,3,13.0,147.5,992,45,0,0,0,9,150,150,0,2014-07-29 12:00:00,1406635200
307,307,324,2014,7,29,18,1411,HALONG,3,13.6,146.5,992,45,0,0,0,9,150,150,0,2014-07-29 18:00:00,1406656800
308,308,325,2014,7,30,0,1411,HALONG,3,13.7,145.7,992,45,0,0,0,9,150,150,0,2014-07-30 00:00:00,1406678400
309,309,326,2014,7,30,6,1411,HALONG,3,14.2,144.5,992,45,0,0,0,9,150,150,0,2014-07-30 06:00:00,1406700000
310,310,327,2014,7,30,12,1411,HALONG,3,14.4,143.6,992,45,0,0,0,9,150,150,0,2014-07-30 12:00:00,1406721600
311,311,328,2014,7,30,18,1411,HALONG,3,14.6,142.9,992,45,0,0,0,9,150,150,0,2014-07-30 18:00:00,1406743200
312,312,329,2014,7,31,0,1411,HALONG,3,14.9,142.0,990,45,0,0,0,9,150,150,0,2014-07-31 00:00:00,1406764800
313,313,330,2014,7,31,6,1411,HALONG,3,15.0,141.3,990,45,0,0,0,9,150,150,0,2014-07-31 06:00:00,1406786400
314,314,331,2014,7,31,12,1411,HALONG,3,14.6,140.6,990,45,0,0,0,9,180,180,0,2014-07-31 12:00:00,1406808000
315,315,332,2014,7,31,18,1411,HALONG,4,14.3,139.8,985,50,0,0,0,9,180,180,0,2014-07-31 18:00:00,1406829600
316,316,333,2014,8,1,0,1411,HALONG,4,14.1,139.2,975,55,9,40,40,9,180,180,0,2014-08-01 00:00:00,1406851200
317,317,334,2014,8,1,6,1411,HALONG,4,14.7,138.4,975,55,9,50,50,9,180,180,0,2014-08-01 06:00:00,1406872800
318,318,335,2014,8,1,12,1411,HALONG,4,14.7,137.7,970,60,9,70,70,9,180,180,0,2014-08-01 12:00:00,1406894400
319,319,336,2014,8,1,18,1411,HALONG,5,14.8,137.0,960,75,9,70,70,9,180,180,0,2014-08-01 18:00:00,1406916000
320,320,337,2014,8,2,0,1411,HALONG,5,14.9,136.5,945,80,9,80,80,9,180,180,0,2014-08-02 00:00:00,1406937600
321,321,338,2014,8,2,6,1411,HALONG,5,14.9,135.7,930,95,9,90,90,9,180,180,0,2014-08-02 06:00:00,1406959200
322,322,339,2014,8,2,12,1411,HALONG,5,14.9,135.1,920,105,9,90,90,9,180,180,0,2014-08-02 12:00:00,1406980800
323,323,340,2014,8,2,18,1411,HALONG,5,15.1,134.6,920,105,9,100,100,9,180,180,0,2014-08-02 18:00:00,1407002400
324,324,341,2014,8,3,0,1411,HALONG,5,15.2,133.9,920,105,9,100,100,9,200,200,0,2014-08-03 00:00:00,1407024000
325,325,342,2014,8,3,6,1411,HALONG,5,15.6,133.1,920,105,9,100,100,9,200,200,0,2014-08-03 06:00:00,1407045600
326,326,343,2014,8,3,12,1411,HALONG,5,15.7,132.3,925,100,9,90,90,4,240,200,0,2014-08-03 12:00:00,1407067200
327,327,344,2014,8,3,18,1411,HALONG,5,16.2,131.4,930,95,9,90,90,4,240,200,0,2014-08-03 18:00:00,1407088800
328,328,345,2014,8,4,0,1411,HALONG,5,16.5,130.7,930,95,9,100,100,4,270,200,0,2014-08-04 00:00:00,1407110400
329,329,346,2014,8,4,6,1411,HALONG,5,16.9,130.4,935,90,9,100,100,4,270,200,0,2014-08-04 06:00:00,1407132000
330,330,347,2014,8,4,12,1411,HALONG,5,17.4,129.9,940,85,9,90,90,4,270,200,0,2014-08-04 12:00:00,1407153600
331,331,348,2014,8,4,18,1411,HALONG,5,18.1,129.8,950,80,9,90,90,3,270,200,0,2014-08-04 18:00:00,1407175200
332,332,349,2014,8,5,0,1411,HALONG,5,19.1,129.8,955,75,9,80,80,3,270,200,0,2014-08-05 00:00:00,1407196800
333,333,350,2014,8,5,6,1411,HALONG,5,20.0,129.7,955,75,9,80,80,3,270,200,0,2014-08-05 06:00:00,1407218400
334,334,351,2014,8,5,12,1411,HALONG,5,20.8,130.0,950,75,9,80,80,2,270,200,0,2014-08-05 12:00:00,1407240000
335,335,352,2014,8,5,18,1411,HALONG,5,21.7,130.1,950,75,9,80,80,2,270,200,0,2014-08-05 18:00:00,1407261600
336,336,353,2014,8,6,0,1411,HALONG,5,22.4,130.3,945,80,9,90,90,2,270,200,0,2014-08-06 00:00:00,1407283200
337,337,354,2014,8,6,6,1411,HALONG,5,23.1,130.7,945,80,9,90,90,2,270,200,0,2014-08-06 06:00:00,1407304800
338,338,355,2014,8,6,12,1411,HALONG,5,23.6,131.1,940,85,9,90,90,2,270,200,0,2014-08-06 12:00:00,1407326400
339,339,357,2014,8,6,18,1411,HALONG,5,24.2,131.4,940,85,9,100,100,2,300,200,0,2014-08-06 18:00:00,1407348000
340,340,359,2014,8,7,0,1411,HALONG,5,24.8,131.7,945,80,9,100,100,2,300,200,0,2014-08-07 00:00:00,1407369600
341,341,361,2014,8,7,6,1411,HALONG,5,25.6,131.6,945,80,9,100,100,2,300,200,0,2014-08-07 06:00:00,1407391200
342,342,363,2014,8,7,12,1411,HALONG,5,26.1,131.7,945,80,9,100,100,2,270,210,0,2014-08-07 12:00:00,1407412800
343,343,365,2014,8,7,18,1411,HALONG,5,26.7,131.5,945,80,9,100,100,2,270,210,0,2014-08-07 18:00:00,1407434400
344,344,367,2014,8,8,0,1411,HALONG,5,27.2,131.6,950,75,9,100,100,2,270,210,0,2014-08-08 00:00:00,1407456000
345,345,369,2014,8,8,6,1411,HALONG,5,28.2,131.6,950,75,9,100,100,2,270,210,0,2014-08-08 06:00:00,1407477600
346,346,371,2014,8,8,12,1411,HALONG,5,28.7,131.7,955,75,9,90,90,2,270,210,0,2014-08-08 12:00:00,1407499200
347,347,373,2014,8,8,18,1411,HALONG,5,29.5,132.0,955,75,9,90,90,2,270,210,0,2014-08-08 18:00:00,1407520800
348,348,375,2014,8,9,0,1411,HALONG,5,30.4,132.3,955,75,9,90,90,2,270,210,0,2014-08-09 00:00:00,1407542400
349,349,377,2014,8,9,6,1411,HALONG,5,31.3,132.5,960,70,9,80,80,2,270,210,0,2014-08-09 06:00:00,1407564000
350,350,379,2014,8,9,12,1411,HALONG,5,32.2,133.1,960,70,9,80,80,3,270,210,0,2014-08-09 12:00:00,1407585600
351,351,381,2014,8,9,18,1411,HALONG,5,33.0,133.4,960,70,9,80,80,3,270,210,0,2014-08-09 18:00:00,1407607200
352,352,383,2014,8,10,0,1411,HALONG,5,34.2,134.3,970,65,9,70,70,3,270,210,0,2014-08-10 00:00:00,1407628800
353,353,386,2014,8,10,6,1411,HALONG,4,36.4,135.5,975,60,9,40,40,3,270,210,0,2014-08-10 06:00:00,1407650400
354,354,388,2014,8,10,12,1411,HALONG,4,38.9,136.8,975,55,9,60,60,3,300,210,0,2014-08-10 12:00:00,1407672000
355,355,389,2014,8,10,18,1411,HALONG,4,41.0,137.2,975,55,9,60,60,4,375,210,0,2014-08-10 18:00:00,1407693600
356,356,390,2014,8,11,0,1411,HALONG,6,43.0,137.0,972,0,0,0,0,0,0,0,0,2014-08-11 00:00:00,1407715200
357,357,391,2014,8,11,6,1411,HALONG,6,43.5,137.0,976,0,0,0,0,0,0,0,0,2014-08-11 06:00:00,1407736800
358,358,392,2014,8,11,12,1411,HALONG,6,44.3,137.3,982,0,0,0,0,0,0,0,0,2014-08-11 12:00:00,1407758400
359,359,393,2014,8,11,18,1411,HALONG,6,45.0,137.0,986,0,0,0,0,0,0,0,0,2014-08-11 18:00:00,1407780000
360,360,394,2014,8,12,0,1411,HALONG,6,45.3,137.7,990,0,0,0,0,0,0,0,0,2014-08-12 00:00:00,1407801600
361,361,395,2014,8,12,6,1411,HALONG,6,46.1,138.6,994,0,0,0,0,0,0,0,0,2014-08-12 06:00:00,1407823200
362,362,396,2014,8,12,12,1411,HALONG,6,46.5,139.5,998,0,0,0,0,0,0,0,0,2014-08-12 12:00:00,1407844800
363,363,397,2014,8,12,18,1411,HALONG,6,46.8,140.6,998,0,0,0,0,0,0,0,0,2014-08-12 18:00:00,1407866400
364,364,398,2014,8,13,0,1411,HALONG,6,47.6,142.7,998,0,0,0,0,0,0,0,0,2014-08-13 00:00:00,1407888000
365,365,399,2014,8,13,6,1411,HALONG,6,48.3,144.3,1000,0,0,0,0,0,0,0,0,2014-08-13 06:00:00,1407909600
366,366,400,2014,8,13,12,1411,HALONG,6,48.4,145.1,1004,0,0,0,0,0,0,0,0,2014-08-13 12:00:00,1407931200
367,367,401,2014,8,13,18,1411,HALONG,6,48.2,146.1,1004,0,0,0,0,0,0,0,0,2014-08-13 18:00:00,1407952800
368,368,402,2014,8,14,0,1411,HALONG,6,47.9,147.2,1006,0,0,0,0,0,0,0,0,2014-08-14 00:00:00,1407974400
369,369,403,2014,8,14,6,1411,HALONG,6,47.7,148.3,1006,0,0,0,0,0,0,0,0,2014-08-14 06:00:00,1407996000
370,370,404,2014,8,14,12,1411,HALONG,6,47.3,149.3,1008,0,0,0,0,0,0,0,0,2014-08-14 12:00:00,1408017600
371,371,405,2014,8,14,18,1411,HALONG,6,47.2,150.5,1008,0,0,0,0,0,0,0,0,2014-08-14 18:00:00,1408039200
372,372,406,2014,8,15,0,1411,HALONG,6,47.0,151.9,1008,0,0,0,0,0,0,0,0,2014-08-15 00:00:00,1408060800
373,373,407,2014,7,28,6,1412,NAKRI,2,17.4,133.6,998,0,0,0,0,0,0,0,0,2014-07-28 06:00:00,1406527200
374,374,408,2014,7,28,12,1412,NAKRI,2,17.9,132.7,998,0,0,0,0,0,0,0,0,2014-07-28 12:00:00,1406548800
375,375,409,2014,7,28,18,1412,NAKRI,2,18.1,131.9,998,0,0,0,0,0,0,0,0,2014-07-28 18:00:00,1406570400
376,376,410,2014,7,29,0,1412,NAKRI,2,18.3,131.2,996,0,0,0,0,0,0,0,0,2014-07-29 00:00:00,1406592000
377,377,411,2014,7,29,6,1412,NAKRI,2,18.3,130.4,996,0,0,0,0,0,0,0,0,2014-07-29 06:00:00,1406613600
378,378,412,2014,7,29,12,1412,NAKRI,3,18.8,130.2,994,35,0,0,0,4,325,180,0,2014-07-29 12:00:00,1406635200
379,379,413,2014,7,29,18,1412,NAKRI,3,19.4,130.1,994,35,0,0,0,4,325,180,0,2014-07-29 18:00:00,1406656800
380,380,414,2014,7,30,0,1412,NAKRI,3,21.0,129.9,994,35,0,0,0,4,325,270,0,2014-07-30 00:00:00,1406678400
381,381,415,2014,7,30,6,1412,NAKRI,3,22.3,129.2,992,35,0,0,0,9,325,325,0,2014-07-30 06:00:00,1406700000
382,382,416,2014,7,30,12,1412,NAKRI,3,23.3,128.5,990,40,0,0,0,1,375,270,0,2014-07-30 12:00:00,1406721600
383,383,417,2014,7,30,18,1412,NAKRI,3,23.9,127.7,990,40,0,0,0,1,375,270,0,2014-07-30 18:00:00,1406743200
384,384,418,2014,7,31,0,1412,NAKRI,3,24.4,127.1,990,40,0,0,0,1,375,270,0,2014-07-31 00:00:00,1406764800
385,385,419,2014,7,31,6,1412,NAKRI,3,25.3,127.1,985,40,0,0,0,1,375,270,0,2014-07-31 06:00:00,1406786400
386,386,420,2014,7,31,12,1412,NAKRI,3,25.9,127.1,985,45,0,0,0,1,375,300,0,2014-07-31 12:00:00,1406808000
387,387,421,2014,7,31,18,1412,NAKRI,4,27.6,128.2,980,50,0,0,0,1,375,300,0,2014-07-31 18:00:00,1406829600
388,388,422,2014,8,1,0,1412,NAKRI,4,28.5,127.3,980,55,3,160,80,9,350,350,0,2014-08-01 00:00:00,1406851200
389,389,423,2014,8,1,6,1412,NAKRI,4,29.3,126.3,980,55,3,160,80,9,350,350,0,2014-08-01 06:00:00,1406872800
390,390,424,2014,8,1,12,1412,NAKRI,4,30.2,125.5,980,55,3,160,80,2,350,240,0,2014-08-01 12:00:00,1406894400
391,391,425,2014,8,1,18,1412,NAKRI,4,31.3,125.1,980,50,0,0,0,2,350,240,0,2014-08-01 18:00:00,1406916000
392,392,426,2014,8,2,0,1412,NAKRI,4,31.9,124.9,980,50,0,0,0,2,300,200,0,2014-08-02 00:00:00,1406937600
393,393,427,2014,8,2,6,1412,NAKRI,4,32.4,124.6,980,50,0,0,0,2,300,200,0,2014-08-02 06:00:00,1406959200
394,394,428,2014,8,2,12,1412,NAKRI,3,33.3,124.9,980,45,0,0,0,2,300,180,0,2014-08-02 12:00:00,1406980800
395,395,429,2014,8,2,18,1412,NAKRI,3,34.2,124.9,985,40,0,0,0,2,300,180,0,2014-08-02 18:00:00,1407002400
396,396,430,2014,8,3,0,1412,NAKRI,3,34.9,125.3,990,35,0,0,0,2,270,150,0,2014-08-03 00:00:00,1407024000
397,397,431,2014,8,3,6,1412,NAKRI,2,35.2,125.4,992,0,0,0,0,0,0,0,0,2014-08-03 06:00:00,1407045600
398,398,432,2014,8,3,12,1412,NAKRI,2,35.5,125.6,994,0,0,0,0,0,0,0,0,2014-08-03 12:00:00,1407067200
399,399,433,2014,8,3,18,1412,NAKRI,2,35.7,126.1,996,0,0,0,0,0,0,0,0,2014-08-03 18:00:00,1407088800
400,400,434,2014,8,4,0,1412,NAKRI,2,35.9,126.7,998,0,0,0,0,0,0,0,0,2014-08-04 00:00:00,1407110400
401,401,435,2014,8,7,0,1413,GENEVIEVE,7,13.6,181.2,950,90,9,40,40,9,100,100,0,2014-08-07 00:00:00,1407369600
402,402,436,2014,8,7,6,1413,GENEVIEVE,5,14.4,180.0,925,100,9,50,50,9,120,120,0,2014-08-07 06:00:00,1407391200
403,403,437,2014,8,7,12,1413,GENEVIEVE,5,15.1,178.7,925,100,9,50,50,9,120,120,0,2014-08-07 12:00:00,1407412800
404,404,438,2014,8,7,18,1413,GENEVIEVE,5,15.7,177.5,915,110,9,50,50,9,120,120,0,2014-08-07 18:00:00,1407434400
405,405,439,2014,8,8,0,1413,GENEVIEVE,5,16.2,176.7,915,110,9,50,50,9,120,120,0,2014-08-08 00:00:00,1407456000
406,406,440,2014,8,8,6,1413,GENEVIEVE,5,16.8,176.1,915,110,9,50,50,9,120,120,0,2014-08-08 06:00:00,1407477600
407,407,441,2014,8,8,12,1413,GENEVIEVE,5,17.5,175.9,925,100,9,50,50,9,120,120,0,2014-08-08 12:00:00,1407499200
408,408,442,2014,8,8,18,1413,GENEVIEVE,5,18.5,176.0,925,100,9,50,50,9,120,120,0,2014-08-08 18:00:00,1407520800
409,409,443,2014,8,9,0,1413,GENEVIEVE,5,19.6,176.4,930,100,9,50,50,9,120,120,0,2014-08-09 00:00:00,1407542400
410,410,444,2014,8,9,6,1413,GENEVIEVE,5,21.1,176.9,935,95,9,50,50,2,180,100,0,2014-08-09 06:00:00,1407564000
411,411,445,2014,8,9,12,1413,GENEVIEVE,5,22.7,177.3,940,90,9,50,50,2,180,100,0,2014-08-09 12:00:00,1407585600
412,412,446,2014,8,9,18,1413,GENEVIEVE,5,24.5,176.9,945,85,9,50,50,2,180,100,0,2014-08-09 18:00:00,1407607200
413,413,447,2014,8,10,0,1413,GENEVIEVE,5,26.6,176.2,950,85,9,50,50,2,150,100,0,2014-08-10 00:00:00,1407628800
414,414,448,2014,8,10,6,1413,GENEVIEVE,5,28.5,175.2,955,80,9,50,50,2,150,100,0,2014-08-10 06:00:00,1407650400
415,415,449,2014,8,10,12,1413,GENEVIEVE,5,30.2,173.8,965,70,9,50,50,2,120,100,0,2014-08-10 12:00:00,1407672000
416,416,450,2014,8,10,18,1413,GENEVIEVE,4,31.5,172.1,975,60,9,30,30,2,120,100,0,2014-08-10 18:00:00,1407693600
417,417,451,2014,8,11,0,1413,GENEVIEVE,4,32.8,170.3,985,50,0,0,0,2,120,100,0,2014-08-11 00:00:00,1407715200
418,418,452,2014,8,11,6,1413,GENEVIEVE,3,33.8,169.2,990,45,0,0,0,2,120,100,0,2014-08-11 06:00:00,1407736800
419,419,453,2014,8,11,12,1413,GENEVIEVE,3,34.4,168.2,994,40,0,0,0,9,100,100,0,2014-08-11 12:00:00,1407758400
420,420,454,2014,8,11,18,1413,GENEVIEVE,3,34.6,167.4,998,35,0,0,0,9,80,80,0,2014-08-11 18:00:00,1407780000
421,421,455,2014,8,12,0,1413,GENEVIEVE,3,34.9,166.7,1004,35,0,0,0,9,60,60,0,2014-08-12 00:00:00,1407801600
422,422,456,2014,8,12,6,1413,GENEVIEVE,2,35.1,166.0,1008,0,0,0,0,0,0,0,0,2014-08-12 06:00:00,1407823200
423,423,457,2014,8,12,12,1413,GENEVIEVE,2,35.4,165.5,1010,0,0,0,0,0,0,0,0,2014-08-12 12:00:00,1407844800
424,424,458,2014,8,12,18,1413,GENEVIEVE,2,35.7,164.9,1012,0,0,0,0,0,0,0,0,2014-08-12 18:00:00,1407866400
425,425,459,2014,8,13,0,1413,GENEVIEVE,2,36.3,164.7,1012,0,0,0,0,0,0,0,0,2014-08-13 00:00:00,1407888000
426,426,460,2014,8,13,6,1413,GENEVIEVE,2,36.8,164.8,1012,0,0,0,0,0,0,0,0,2014-08-13 06:00:00,1407909600
427,427,461,2014,8,13,12,1413,GENEVIEVE,2,37.4,165.6,1012,0,0,0,0,0,0,0,0,2014-08-13 12:00:00,1407931200
428,428,462,2014,8,13,18,1413,GENEVIEVE,2,37.9,167.0,1012,0,0,0,0,0,0,0,0,2014-08-13 18:00:00,1407952800
429,429,463,2014,8,14,0,1413,GENEVIEVE,2,38.6,168.7,1012,0,0,0,0,0,0,0,0,2014-08-14 00:00:00,1407974400
430,430,464,2014,8,14,6,1413,GENEVIEVE,2,39.1,171.3,1012,0,0,0,0,0,0,0,0,2014-08-14 06:00:00,1407996000
431,431,465,2014,9,5,12,1414,FENGSHEN,2,20.3,127.6,1004,0,0,0,0,0,0,0,0,2014-09-05 12:00:00,1409918400
432,432,466,2014,9,5,18,1414,FENGSHEN,2,22.2,126.8,1004,0,0,0,0,0,0,0,0,2014-09-05 18:00:00,1409940000
433,433,467,2014,9,6,0,1414,FENGSHEN,2,23.6,126.6,1004,0,0,0,0,0,0,0,0,2014-09-06 00:00:00,1409961600
434,434,468,2014,9,6,6,1414,FENGSHEN,2,24.5,126.7,1004,0,0,0,0,0,0,0,0,2014-09-06 06:00:00,1409983200
435,435,469,2014,9,6,12,1414,FENGSHEN,2,25.0,127.9,1002,0,0,0,0,0,0,0,0,2014-09-06 12:00:00,1410004800
436,436,470,2014,9,6,18,1414,FENGSHEN,3,26.3,128.8,998,35,0,0,0,3,120,60,0,2014-09-06 18:00:00,1410026400
437,437,471,2014,9,7,0,1414,FENGSHEN,3,27.2,129.8,996,35,0,0,0,3,180,90,0,2014-09-07 00:00:00,1410048000
438,438,472,2014,9,7,6,1414,FENGSHEN,3,27.4,130.9,994,40,0,0,0,3,180,90,0,2014-09-07 06:00:00,1410069600
439,439,473,2014,9,7,12,1414,FENGSHEN,3,27.9,132.8,992,45,0,0,0,3,180,90,0,2014-09-07 12:00:00,1410091200
440,440,474,2014,9,7,18,1414,FENGSHEN,4,28.4,133.7,985,50,0,0,0,3,180,90,0,2014-09-07 18:00:00,1410112800
441,441,475,2014,9,8,0,1414,FENGSHEN,4,28.9,135.6,980,55,9,50,50,3,180,90,0,2014-09-08 00:00:00,1410134400
442,442,476,2014,9,8,6,1414,FENGSHEN,4,30.0,137.3,975,60,3,80,50,3,200,150,0,2014-09-08 06:00:00,1410156000
443,443,477,2014,9,8,12,1414,FENGSHEN,4,30.9,138.6,975,60,3,80,50,3,210,180,0,2014-09-08 12:00:00,1410177600
444,444,478,2014,9,8,18,1414,FENGSHEN,4,31.6,140.4,975,60,3,80,50,3,210,180,0,2014-09-08 18:00:00,1410199200
445,445,479,2014,9,9,0,1414,FENGSHEN,4,32.6,143.1,975,60,3,80,50,3,210,180,0,2014-09-09 00:00:00,1410220800
446,446,480,2014,9,9,6,1414,FENGSHEN,4,33.1,144.8,975,60,3,80,50,3,210,180,0,2014-09-09 06:00:00,1410242400
447,447,481,2014,9,9,12,1414,FENGSHEN,4,34.0,146.8,980,55,9,60,60,3,210,180,0,2014-09-09 12:00:00,1410264000
448,448,482,2014,9,9,18,1414,FENGSHEN,4,35.0,148.9,980,55,9,60,60,3,210,180,0,2014-09-09 18:00:00,1410285600
449,449,483,2014,9,10,0,1414,FENGSHEN,4,35.8,152.6,985,50,0,0,0,3,210,180,0,2014-09-10 00:00:00,1410307200
450,450,484,2014,9,10,6,1414,FENGSHEN,4,37.2,156.0,985,50,0,0,0,3,240,150,0,2014-09-10 06:00:00,1410328800
451,451,485,2014,9,10,12,1414,FENGSHEN,3,38.5,159.3,990,45,0,0,0,3,270,150,0,2014-09-10 12:00:00,1410350400
452,452,486,2014,9,10,18,1414,FENGSHEN,6,39.7,163.6,990,0,0,0,0,0,0,0,0,2014-09-10 18:00:00,1410372000
453,453,487,2014,9,11,0,1414,FENGSHEN,6,40.5,168.0,992,0,0,0,0,0,0,0,0,2014-09-11 00:00:00,1410393600
454,454,488,2014,9,11,18,1415,KALMAEGI,2,13.5,134.0,1004,0,0,0,0,0,0,0,0,2014-09-11 18:00:00,1410458400
455,455,489,2014,9,12,0,1415,KALMAEGI,2,13.7,132.2,1004,0,0,0,0,0,0,0,0,2014-09-12 00:00:00,1410480000
456,456,490,2014,9,12,6,1415,KALMAEGI,3,13.7,131.2,1000,35,0,0,0,9,90,90,0,2014-09-12 06:00:00,1410501600
457,457,491,2014,9,12,12,1415,KALMAEGI,3,13.7,130.2,996,40,0,0,0,4,150,90,0,2014-09-12 12:00:00,1410523200
458,458,492,2014,9,12,18,1415,KALMAEGI,3,13.7,129.4,990,45,0,0,0,4,150,90,0,2014-09-12 18:00:00,1410544800
459,459,493,2014,9,13,0,1415,KALMAEGI,4,14.2,128.8,985,50,0,0,0,4,180,120,0,2014-09-13 00:00:00,1410566400
460,460,494,2014,9,13,6,1415,KALMAEGI,4,14.9,127.4,980,55,9,50,50,4,180,120,0,2014-09-13 06:00:00,1410588000
461,461,495,2014,9,13,12,1415,KALMAEGI,4,15.4,126.6,975,60,9,80,80,4,200,150,0,2014-09-13 12:00:00,1410609600
462,462,496,2014,9,13,18,1415,KALMAEGI,5,15.8,125.7,970,65,9,80,80,4,200,150,0,2014-09-13 18:00:00,1410631200
463,463,497,2014,9,14,0,1415,KALMAEGI,5,16.4,124.5,970,65,9,80,80,4,250,180,0,2014-09-14 00:00:00,1410652800
464,464,498,2014,9,14,6,1415,KALMAEGI,5,17.0,123.4,970,65,9,80,80,4,300,210,0,2014-09-14 06:00:00,1410674400
465,465,499,2014,9,14,12,1415,KALMAEGI,5,17.8,121.7,970,65,9,80,80,3,300,210,0,2014-09-14 12:00:00,1410696000
466,466,500,2014,9,14,18,1415,KALMAEGI,4,17.9,119.6,975,60,9,80,80,3,300,210,0,2014-09-14 18:00:00,1410717600
467,467,501,2014,9,15,0,1415,KALMAEGI,5,18.0,118.2,970,65,9,80,80,3,300,210,0,2014-09-15 00:00:00,1410739200
468,468,502,2014,9,15,6,1415,KALMAEGI,5,18.6,116.3,970,65,9,80,80,3,300,210,0,2014-09-15 06:00:00,1410760800
469,469,503,2014,9,15,12,1415,KALMAEGI,5,18.9,114.6,965,70,2,110,70,3,350,210,0,2014-09-15 12:00:00,1410782400
470,470,504,2014,9,15,18,1415,KALMAEGI,5,19.0,112.8,965,70,2,110,70,3,350,210,0,2014-09-15 18:00:00,1410804000
471,471,505,2014,9,16,0,1415,KALMAEGI,5,19.7,111.2,960,75,2,120,80,3,400,210,0,2014-09-16 00:00:00,1410825600
472,472,506,2014,9,16,6,1415,KALMAEGI,5,20.5,109.7,960,75,9,100,100,3,350,210,0,2014-09-16 06:00:00,1410847200
473,473,507,2014,9,16,12,1415,KALMAEGI,5,21.1,108.0,970,65,9,80,80,2,300,210,0,2014-09-16 12:00:00,1410868800
474,474,508,2014,9,16,18,1415,KALMAEGI,4,21.8,106.4,980,55,9,50,50,2,250,180,0,2014-09-16 18:00:00,1410890400
475,475,509,2014,9,17,0,1415,KALMAEGI,4,22.4,104.7,985,50,0,0,0,2,250,180,0,2014-09-17 00:00:00,1410912000
476,476,510,2014,9,17,6,1415,KALMAEGI,3,22.9,103.1,994,40,0,0,0,2,210,150,0,2014-09-17 06:00:00,1410933600
477,477,511,2014,9,17,12,1415,KALMAEGI,2,22.4,101.8,998,0,0,0,0,0,0,0,0,2014-09-17 12:00:00,1410955200
478,478,512,2014,9,17,18,1415,KALMAEGI,2,21.6,100.8,1002,0,0,0,0,0,0,0,0,2014-09-17 18:00:00,1410976800
479,479,513,2014,9,17,0,1416,FUNG-WONG,2,12.6,135.0,1002,0,0,0,0,0,0,0,0,2014-09-17 00:00:00,1410912000
480,480,514,2014,9,17,6,1416,FUNG-WONG,2,12.5,132.8,1002,0,0,0,0,0,0,0,0,2014-09-17 06:00:00,1410933600
481,481,515,2014,9,17,12,1416,FUNG-WONG,3,12.7,131.3,1000,35,0,0,0,9,130,130,0,2014-09-17 12:00:00,1410955200
482,482,516,2014,9,17,18,1416,FUNG-WONG,3,13.5,129.2,1000,35,0,0,0,9,130,130,0,2014-09-17 18:00:00,1410976800
483,483,517,2014,9,18,0,1416,FUNG-WONG,3,14.2,128.0,998,40,0,0,0,9,150,150,0,2014-09-18 00:00:00,1410998400
484,484,518,2014,9,18,6,1416,FUNG-WONG,3,14.8,126.9,996,40,0,0,0,9,150,150,0,2014-09-18 06:00:00,1411020000
485,485,519,2014,9,18,12,1416,FUNG-WONG,3,16.0,125.2,994,40,0,0,0,9,170,170,0,2014-09-18 12:00:00,1411041600
486,486,520,2014,9,18,18,1416,FUNG-WONG,3,17.0,123.7,990,45,0,0,0,9,200,200,0,2014-09-18 18:00:00,1411063200
487,487,521,2014,9,19,0,1416,FUNG-WONG,3,17.8,122.6,990,45,0,0,0,9,270,270,0,2014-09-19 00:00:00,1411084800
488,488,522,2014,9,19,6,1416,FUNG-WONG,3,18.6,120.9,985,45,0,0,0,9,270,270,0,2014-09-19 06:00:00,1411106400
489,489,523,2014,9,19,12,1416,FUNG-WONG,3,18.1,119.7,985,45,0,0,0,9,270,270,0,2014-09-19 12:00:00,1411128000
490,490,524,2014,9,19,18,1416,FUNG-WONG,3,17.8,120.2,985,45,0,0,0,2,270,240,0,2014-09-19 18:00:00,1411149600
491,491,525,2014,9,20,0,1416,FUNG-WONG,3,19.4,119.8,985,45,0,0,0,2,270,240,0,2014-09-20 00:00:00,1411171200
492,492,526,2014,9,20,6,1416,FUNG-WONG,3,20.1,119.5,985,45,0,0,0,2,270,240,0,2014-09-20 06:00:00,1411192800
493,493,527,2014,9,20,12,1416,FUNG-WONG,3,20.6,119.7,985,45,0,0,0,9,250,250,0,2014-09-20 12:00:00,1411214400
494,494,528,2014,9,20,18,1416,FUNG-WONG,3,20.9,120.0,985,45,0,0,0,9,250,250,0,2014-09-20 18:00:00,1411236000
495,495,529,2014,9,21,0,1416,FUNG-WONG,3,21.8,120.1,985,45,0,0,0,9,250,250,0,2014-09-21 00:00:00,1411257600
496,496,530,2014,9,21,6,1416,FUNG-WONG,3,22.7,121.4,985,45,0,0,0,9,250,250,0,2014-09-21 06:00:00,1411279200
497,497,531,2014,9,21,12,1416,FUNG-WONG,3,24.3,121.8,990,45,0,0,0,9,250,250,0,2014-09-21 12:00:00,1411300800
498,498,532,2014,9,21,18,1416,FUNG-WONG,3,26.1,122.1,990,45,0,0,0,9,250,250,0,2014-09-21 18:00:00,1411322400
499,499,533,2014,9,22,0,1416,FUNG-WONG,3,27.2,122.0,990,40,0,0,0,9,250,250,0,2014-09-22 00:00:00,1411344000
500,500,534,2014,9,22,6,1416,FUNG-WONG,3,28.3,122.1,990,40,0,0,0,4,250,200,0,2014-09-22 06:00:00,1411365600
501,501,535,2014,9,22,12,1416,FUNG-WONG,3,29.0,122.2,992,40,0,0,0,4,250,200,0,2014-09-22 12:00:00,1411387200
502,502,536,2014,9,22,18,1416,FUNG-WONG,3,29.8,121.9,996,35,0,0,0,9,200,200,0,2014-09-22 18:00:00,1411408800
503,503,537,2014,9,23,0,1416,FUNG-WONG,3,30.5,121.6,998,35,0,0,0,9,180,180,0,2014-09-23 00:00:00,1411430400
504,504,538,2014,9,23,6,1416,FUNG-WONG,3,31.3,121.8,998,35,0,0,0,9,180,180,0,2014-09-23 06:00:00,1411452000
505,505,539,2014,9,23,12,1416,FUNG-WONG,3,32.1,122.6,998,35,0,0,0,9,180,180,0,2014-09-23 12:00:00,1411473600
506,506,540,2014,9,23,18,1416,FUNG-WONG,3,32.7,123.0,998,35,0,0,0,9,150,150,0,2014-09-23 18:00:00,1411495200
507,507,541,2014,9,24,0,1416,FUNG-WONG,6,33.0,125.0,1002,0,0,0,0,0,0,0,0,2014-09-24 00:00:00,1411516800
508,508,542,2014,9,24,6,1416,FUNG-WONG,6,34.3,127.7,1002,0,0,0,0,0,0,0,0,2014-09-24 06:00:00,1411538400
509,509,543,2014,9,24,12,1416,FUNG-WONG,6,36.0,131.6,1002,0,0,0,0,0,0,0,0,2014-09-24 12:00:00,1411560000
510,510,544,2014,9,24,18,1416,FUNG-WONG,6,37.0,135.0,1000,0,0,0,0,0,0,0,0,2014-09-24 18:00:00,1411581600
511,511,545,2014,9,25,0,1416,FUNG-WONG,6,37.5,138.5,1002,0,0,0,0,0,0,0,0,2014-09-25 00:00:00,1411603200
512,512,546,2014,9,23,12,1417,KAMMURI,2,17.9,149.6,1004,0,0,0,0,0,0,0,0,2014-09-23 12:00:00,1411473600
513,513,547,2014,9,23,18,1417,KAMMURI,2,18.6,149.9,1002,0,0,0,0,0,0,0,0,2014-09-23 18:00:00,1411495200
514,514,548,2014,9,24,0,1417,KAMMURI,2,19.3,150.0,1002,0,0,0,0,0,0,0,0,2014-09-24 00:00:00,1411516800
515,515,549,2014,9,24,6,1417,KAMMURI,2,19.8,149.9,1000,0,0,0,0,0,0,0,0,2014-09-24 06:00:00,1411538400
516,516,550,2014,9,24,12,1417,KAMMURI,3,20.0,149.6,998,35,0,0,0,1,210,120,0,2014-09-24 12:00:00,1411560000
517,517,551,2014,9,24,18,1417,KAMMURI,3,20.1,149.2,994,40,0,0,0,1,210,120,0,2014-09-24 18:00:00,1411581600
518,518,552,2014,9,25,0,1417,KAMMURI,3,20.2,148.4,994,40,0,0,0,1,270,180,0,2014-09-25 00:00:00,1411603200
519,519,553,2014,9,25,6,1417,KAMMURI,3,20.2,147.5,992,40,0,0,0,1,270,180,0,2014-09-25 06:00:00,1411624800
520,520,554,2014,9,25,12,1417,KAMMURI,3,20.3,147.3,992,40,0,0,0,1,270,180,0,2014-09-25 12:00:00,1411646400
521,521,555,2014,9,25,18,1417,KAMMURI,3,20.8,146.8,992,40,0,0,0,1,270,180,0,2014-09-25 18:00:00,1411668000
522,522,556,2014,9,26,0,1417,KAMMURI,3,21.6,146.0,992,40,0,0,0,1,270,210,0,2014-09-26 00:00:00,1411689600
523,523,557,2014,9,26,6,1417,KAMMURI,3,22.3,145.3,990,45,0,0,0,1,270,210,0,2014-09-26 06:00:00,1411711200
524,524,558,2014,9,26,12,1417,KAMMURI,4,23.2,145.1,985,50,0,0,0,1,300,240,0,2014-09-26 12:00:00,1411732800
525,525,559,2014,9,26,18,1417,KAMMURI,4,23.8,144.5,985,50,0,0,0,2,300,240,0,2014-09-26 18:00:00,1411754400
526,526,560,2014,9,27,0,1417,KAMMURI,4,25.0,144.2,985,50,0,0,0,2,350,270,0,2014-09-27 00:00:00,1411776000
527,527,561,2014,9,27,6,1417,KAMMURI,4,26.3,143.7,985,50,0,0,0,2,350,270,0,2014-09-27 06:00:00,1411797600
528,528,562,2014,9,27,12,1417,KAMMURI,3,27.4,143.5,985,45,0,0,0,1,350,270,0,2014-09-27 12:00:00,1411819200
529,529,563,2014,9,27,18,1417,KAMMURI,3,28.0,143.5,985,45,0,0,0,1,350,270,0,2014-09-27 18:00:00,1411840800
530,530,564,2014,9,28,0,1417,KAMMURI,3,29.0,143.3,985,45,0,0,0,1,350,270,0,2014-09-28 00:00:00,1411862400
531,531,565,2014,9,28,6,1417,KAMMURI,3,30.6,143.9,985,45,0,0,0,8,350,270,0,2014-09-28 06:00:00,1411884000
532,532,566,2014,9,28,12,1417,KAMMURI,3,31.6,144.7,985,45,0,0,0,8,325,270,0,2014-09-28 12:00:00,1411905600
533,533,567,2014,9,28,18,1417,KAMMURI,3,32.7,145.6,985,45,0,0,0,8,325,270,0,2014-09-28 18:00:00,1411927200
534,534,568,2014,9,29,0,1417,KAMMURI,3,33.4,146.7,985,45,0,0,0,9,300,300,0,2014-09-29 00:00:00,1411948800
535,535,569,2014,9,29,6,1417,KAMMURI,3,34.4,148.5,985,45,0,0,0,9,300,300,0,2014-09-29 06:00:00,1411970400
536,536,570,2014,9,29,12,1417,KAMMURI,3,35.4,150.9,985,45,0,0,0,3,300,240,0,2014-09-29 12:00:00,1411992000
537,537,571,2014,9,29,18,1417,KAMMURI,3,36.6,153.4,985,45,0,0,0,3,300,240,0,2014-09-29 18:00:00,1412013600
538,538,572,2014,9,30,0,1417,KAMMURI,3,37.8,156.8,985,45,0,0,0,3,300,240,0,2014-09-30 00:00:00,1412035200
539,539,573,2014,9,30,6,1417,KAMMURI,6,39.2,160.0,986,0,0,0,0,0,0,0,0,2014-09-30 06:00:00,1412056800
540,540,574,2014,9,30,12,1417,KAMMURI,6,40.6,162.3,986,0,0,0,0,0,0,0,0,2014-09-30 12:00:00,1412078400
541,541,575,2014,9,30,18,1417,KAMMURI,6,41.0,165.5,988,0,0,0,0,0,0,0,0,2014-09-30 18:00:00,1412100000
542,542,576,2014,10,1,0,1417,KAMMURI,6,40.8,169.6,988,0,0,0,0,0,0,0,0,2014-10-01 00:00:00,1412121600
543,543,577,2014,10,1,6,1417,KAMMURI,6,39.9,173.6,992,0,0,0,0,0,0,0,0,2014-10-01 06:00:00,1412143200
544,544,578,2014,10,1,12,1417,KAMMURI,6,39.1,176.7,996,0,0,0,0,0,0,0,0,2014-10-01 12:00:00,1412164800
545,545,579,2014,10,1,18,1417,KAMMURI,6,37.8,180.1,996,0,0,0,0,0,0,0,0,2014-10-01 18:00:00,1412186400
546,546,580,2014,9,28,6,1418,PHANFONE,2,11.0,157.1,1004,0,0,0,0,0,0,0,0,2014-09-28 06:00:00,1411884000
547,547,581,2014,9,28,12,1418,PHANFONE,2,11.6,155.1,1004,0,0,0,0,0,0,0,0,2014-09-28 12:00:00,1411905600
548,548,582,2014,9,28,18,1418,PHANFONE,2,12.2,153.8,1002,0,0,0,0,0,0,0,0,2014-09-28 18:00:00,1411927200
549,549,583,2014,9,29,0,1418,PHANFONE,2,12.7,152.2,1000,0,0,0,0,0,0,0,0,2014-09-29 00:00:00,1411948800
550,550,584,2014,9,29,6,1418,PHANFONE,3,13.0,151.0,998,35,0,0,0,9,180,180,0,2014-09-29 06:00:00,1411970400
551,551,585,2014,9,29,12,1418,PHANFONE,3,13.4,150.3,994,40,0,0,0,9,180,180,0,2014-09-29 12:00:00,1411992000
552,552,586,2014,9,29,18,1418,PHANFONE,3,13.9,149.5,990,45,0,0,0,9,180,180,0,2014-09-29 18:00:00,1412013600
553,553,587,2014,9,30,0,1418,PHANFONE,3,15.2,148.1,990,45,0,0,0,9,210,210,0,2014-09-30 00:00:00,1412035200
554,554,588,2014,9,30,6,1418,PHANFONE,3,16.4,146.9,990,45,0,0,0,9,240,240,0,2014-09-30 06:00:00,1412056800
555,555,589,2014,9,30,12,1418,PHANFONE,4,16.4,145.8,985,50,0,0,0,9,240,240,0,2014-09-30 12:00:00,1412078400
556,556,590,2014,9,30,18,1418,PHANFONE,4,16.6,144.7,980,55,9,50,50,8,300,270,0,2014-09-30 18:00:00,1412100000
557,557,591,2014,10,1,0,1418,PHANFONE,4,16.9,143.8,970,60,9,50,50,8,300,270,0,2014-10-01 00:00:00,1412121600
558,558,592,2014,10,1,6,1418,PHANFONE,5,18.1,142.6,965,65,9,50,50,8,300,270,0,2014-10-01 06:00:00,1412143200
559,559,593,2014,10,1,12,1418,PHANFONE,5,18.4,141.2,955,75,9,70,70,8,300,270,0,2014-10-01 12:00:00,1412164800
560,560,594,2014,10,1,18,1418,PHANFONE,5,18.9,140.2,950,80,9,80,80,8,300,270,0,2014-10-01 18:00:00,1412186400
561,561,595,2014,10,2,0,1418,PHANFONE,5,19.5,139.0,940,90,9,90,90,8,300,270,0,2014-10-02 00:00:00,1412208000
562,562,596,2014,10,2,6,1418,PHANFONE,5,19.7,138.2,935,95,9,90,90,8,300,270,0,2014-10-02 06:00:00,1412229600
563,563,597,2014,10,2,12,1418,PHANFONE,5,20.6,137.5,935,95,9,90,90,8,300,270,0,2014-10-02 12:00:00,1412251200
564,564,598,2014,10,2,18,1418,PHANFONE,5,21.5,136.5,935,95,9,90,90,1,300,270,0,2014-10-02 18:00:00,1412272800
565,565,599,2014,10,3,0,1418,PHANFONE,5,22.3,135.5,935,95,9,90,90,1,300,270,0,2014-10-03 00:00:00,1412294400
566,566,600,2014,10,3,6,1418,PHANFONE,5,23.2,134.6,935,95,9,90,90,1,300,270,0,2014-10-03 06:00:00,1412316000
567,567,601,2014,10,3,12,1418,PHANFONE,5,24.0,134.0,935,95,9,90,90,1,300,270,0,2014-10-03 12:00:00,1412337600
568,568,602,2014,10,3,18,1418,PHANFONE,5,24.7,133.4,935,95,9,100,100,8,300,270,0,2014-10-03 18:00:00,1412359200
569,569,604,2014,10,4,0,1418,PHANFONE,5,25.4,132.9,935,95,9,100,100,8,300,270,0,2014-10-04 00:00:00,1412380800
570,570,606,2014,10,4,6,1418,PHANFONE,5,26.3,132.3,935,95,9,100,100,8,300,270,0,2014-10-04 06:00:00,1412402400
571,571,608,2014,10,4,12,1418,PHANFONE,5,27.1,131.8,935,95,9,100,100,8,300,270,0,2014-10-04 12:00:00,1412424000
572,572,610,2014,10,4,18,1418,PHANFONE,5,27.9,131.3,940,90,9,100,100,8,300,240,0,2014-10-04 18:00:00,1412445600
573,573,612,2014,10,5,0,1418,PHANFONE,5,28.9,131.3,945,85,9,100,100,8,300,240,0,2014-10-05 00:00:00,1412467200
574,574,614,2014,10,5,6,1418,PHANFONE,5,30.1,131.9,945,85,9,100,100,8,300,240,0,2014-10-05 06:00:00,1412488800
575,575,616,2014,10,5,12,1418,PHANFONE,5,31.4,133.2,950,80,9,100,100,9,270,270,0,2014-10-05 12:00:00,1412510400
576,576,618,2014,10,5,18,1418,PHANFONE,5,33.0,135.4,955,75,9,100,100,9,270,270,0,2014-10-05 18:00:00,1412532000
577,577,621,2014,10,6,0,1418,PHANFONE,5,34.9,138.5,965,65,9,100,100,9,270,270,1,2014-10-06 00:00:00,1412553600
578,578,623,2014,10,6,6,1418,PHANFONE,4,37.7,143.5,975,60,9,100,100,9,300,300,0,2014-10-06 06:00:00,1412575200
579,579,624,2014,10,6,12,1418,PHANFONE,6,39.0,147.0,982,0,0,0,0,0,0,0,0,2014-10-06 12:00:00,1412596800
580,580,625,2014,10,6,18,1418,PHANFONE,6,39.7,153.7,984,0,0,0,0,0,0,0,0,2014-10-06 18:00:00,1412618400
581,581,626,2014,10,7,0,1418,PHANFONE,6,39.8,159.4,984,0,0,0,0,0,0,0,0,2014-10-07 00:00:00,1412640000
582,582,627,2014,10,7,6,1418,PHANFONE,6,40.3,164.7,978,0,0,0,0,0,0,0,0,2014-10-07 06:00:00,1412661600
583,583,628,2014,10,7,12,1418,PHANFONE,6,41.0,170.7,972,0,0,0,0,0,0,0,0,2014-10-07 12:00:00,1412683200
584,584,629,2014,10,7,18,1418,PHANFONE,6,42.0,176.5,964,0,0,0,0,0,0,0,0,2014-10-07 18:00:00,1412704800
585,585,630,2014,10,8,0,1418,PHANFONE,6,43.2,181.3,960,0,0,0,0,0,0,0,0,2014-10-08 00:00:00,1412726400
586,586,631,2014,10,2,12,1419,VONGFONG,2,7.3,162.1,1006,0,0,0,0,0,0,0,0,2014-10-02 12:00:00,1412251200
587,587,632,2014,10,2,18,1419,VONGFONG,2,8.0,160.8,1004,0,0,0,0,0,0,0,0,2014-10-02 18:00:00,1412272800
588,588,633,2014,10,3,0,1419,VONGFONG,2,8.4,159.9,1004,0,0,0,0,0,0,0,0,2014-10-03 00:00:00,1412294400
589,589,634,2014,10,3,6,1419,VONGFONG,2,8.5,158.7,1004,0,0,0,0,0,0,0,0,2014-10-03 06:00:00,1412316000
590,590,635,2014,10,3,12,1419,VONGFONG,2,8.7,157.5,1004,0,0,0,0,0,0,0,0,2014-10-03 12:00:00,1412337600
591,591,636,2014,10,3,18,1419,VONGFONG,3,9.0,156.2,1000,35,0,0,0,8,150,120,0,2014-10-03 18:00:00,1412359200
592,592,637,2014,10,4,0,1419,VONGFONG,3,9.6,155.1,996,40,0,0,0,8,150,120,0,2014-10-04 00:00:00,1412380800
593,593,638,2014,10,4,6,1419,VONGFONG,3,10.4,154.0,990,45,0,0,0,8,150,120,0,2014-10-04 06:00:00,1412402400
594,594,639,2014,10,4,12,1419,VONGFONG,4,11.1,152.9,985,50,0,0,0,8,150,120,0,2014-10-04 12:00:00,1412424000
595,595,640,2014,10,4,18,1419,VONGFONG,4,12.0,151.5,980,55,9,50,50,8,150,120,0,2014-10-04 18:00:00,1412445600
596,596,641,2014,10,5,0,1419,VONGFONG,4,12.5,150.0,975,60,9,60,60,8,150,120,0,2014-10-05 00:00:00,1412467200
597,597,642,2014,10,5,6,1419,VONGFONG,4,13.3,148.5,975,60,9,60,60,8,150,120,0,2014-10-05 06:00:00,1412488800
598,598,643,2014,10,5,12,1419,VONGFONG,4,13.8,146.9,975,60,9,60,60,8,150,120,0,2014-10-05 12:00:00,1412510400
599,599,644,2014,10,5,18,1419,VONGFONG,4,14.5,145.1,975,60,9,60,60,8,150,120,0,2014-10-05 18:00:00,1412532000
600,600,645,2014,10,6,0,1419,VONGFONG,4,15.1,143.3,975,60,9,60,60,8,150,120,0,2014-10-06 00:00:00,1412553600
601,601,646,2014,10,6,6,1419,VONGFONG,4,15.8,141.3,975,60,9,60,60,8,150,120,0,2014-10-06 06:00:00,1412575200
602,602,647,2014,10,6,12,1419,VONGFONG,4,16.5,139.7,975,60,9,60,60,8,150,120,0,2014-10-06 12:00:00,1412596800
603,603,648,2014,10,6,18,1419,VONGFONG,5,16.8,138.1,965,70,9,60,60,8,150,120,0,2014-10-06 18:00:00,1412618400
604,604,649,2014,10,7,0,1419,VONGFONG,5,16.9,136.5,950,80,9,70,70,1,180,150,0,2014-10-07 00:00:00,1412640000
605,605,650,2014,10,7,6,1419,VONGFONG,5,17.3,135.4,935,90,9,80,80,1,180,150,0,2014-10-07 06:00:00,1412661600
606,606,651,2014,10,7,12,1419,VONGFONG,5,17.4,134.2,915,105,9,100,100,1,270,180,0,2014-10-07 12:00:00,1412683200
607,607,652,2014,10,7,18,1419,VONGFONG,5,17.7,133.2,900,115,9,110,110,1,270,180,0,2014-10-07 18:00:00,1412704800
608,608,653,2014,10,8,0,1419,VONGFONG,5,17.9,132.2,900,115,9,110,110,8,270,210,0,2014-10-08 00:00:00,1412726400
609,609,654,2014,10,8,6,1419,VONGFONG,5,18.2,131.5,900,115,9,110,110,8,270,210,0,2014-10-08 06:00:00,1412748000
610,610,655,2014,10,8,12,1419,VONGFONG,5,18.4,131.0,900,115,9,110,110,8,270,210,0,2014-10-08 12:00:00,1412769600
611,611,656,2014,10,8,18,1419,VONGFONG,5,18.8,130.5,905,110,9,110,110,8,270,210,0,2014-10-08 18:00:00,1412791200
612,612,657,2014,10,9,0,1419,VONGFONG,5,19.2,130.0,905,110,9,110,110,8,270,210,0,2014-10-09 00:00:00,1412812800
613,613,658,2014,10,9,6,1419,VONGFONG,5,19.7,129.9,915,105,9,110,110,8,270,240,0,2014-10-09 06:00:00,1412834400
614,614,659,2014,10,9,12,1419,VONGFONG,5,20.2,129.6,925,100,9,110,110,8,350,300,0,2014-10-09 12:00:00,1412856000
615,615,660,2014,10,9,18,1419,VONGFONG,5,20.8,129.4,925,100,9,120,120,8,350,300,0,2014-10-09 18:00:00,1412877600
616,616,661,2014,10,10,0,1419,VONGFONG,5,21.4,129.4,925,100,9,120,120,8,400,350,0,2014-10-10 00:00:00,1412899200
617,617,662,2014,10,10,6,1419,VONGFONG,5,22.2,129.3,925,100,9,120,120,8,400,350,0,2014-10-10 06:00:00,1412920800
618,618,663,2014,10,10,12,1419,VONGFONG,5,23.1,129.2,935,95,9,140,140,8,400,350,0,2014-10-10 12:00:00,1412942400
619,619,664,2014,10,10,18,1419,VONGFONG,5,23.8,129.0,940,90,9,140,140,8,400,350,0,2014-10-10 18:00:00,1412964000
620,620,666,2014,10,11,0,1419,VONGFONG,5,24.4,128.8,940,90,9,140,140,8,400,350,0,2014-10-11 00:00:00,1412985600
621,621,668,2014,10,11,6,1419,VONGFONG,5,25.3,128.6,945,85,9,150,150,8,375,325,0,2014-10-11 06:00:00,1413007200
622,622,670,2014,10,11,12,1419,VONGFONG,5,26.1,128.1,945,85,9,150,150,8,375,325,0,2014-10-11 12:00:00,1413028800
623,623,672,2014,10,11,18,1419,VONGFONG,5,26.9,127.7,950,80,8,150,120,8,375,325,0,2014-10-11 18:00:00,1413050400
624,624,674,2014,10,12,0,1419,VONGFONG,5,27.7,127.4,965,70,8,150,120,8,375,325,0,2014-10-12 00:00:00,1413072000
625,625,676,2014,10,12,6,1419,VONGFONG,5,28.8,127.1,970,65,8,150,120,9,375,375,0,2014-10-12 06:00:00,1413093600
626,626,678,2014,10,12,12,1419,VONGFONG,5,29.7,127.6,970,65,8,150,120,9,375,375,0,2014-10-12 12:00:00,1413115200
627,627,680,2014,10,12,18,1419,VONGFONG,5,30.6,129.0,970,65,8,150,120,9,375,375,0,2014-10-12 18:00:00,1413136800
628,628,683,2014,10,13,0,1419,VONGFONG,4,31.3,130.3,975,60,8,150,120,9,375,375,0,2014-10-13 00:00:00,1413158400
629,629,686,2014,10,13,6,1419,VONGFONG,4,33.1,133.0,975,60,8,150,120,9,375,375,0,2014-10-13 06:00:00,1413180000
630,630,690,2014,10,13,12,1419,VONGFONG,4,34.5,136.0,985,50,0,0,0,3,400,350,0,2014-10-13 12:00:00,1413201600
631,631,692,2014,10,13,18,1419,VONGFONG,4,36.5,139.7,985,50,0,0,0,3,400,350,0,2014-10-13 18:00:00,1413223200
632,632,694,2014,10,14,0,1419,VONGFONG,6,39.0,143.2,980,0,0,0,0,0,0,0,0,2014-10-14 00:00:00,1413244800
633,633,695,2014,10,14,6,1419,VONGFONG,6,40.5,146.0,980,0,0,0,0,0,0,0,0,2014-10-14 06:00:00,1413266400
634,634,696,2014,10,14,12,1419,VONGFONG,6,42.0,149.4,980,0,0,0,0,0,0,0,0,2014-10-14 12:00:00,1413288000
635,635,697,2014,10,14,18,1419,VONGFONG,6,44.1,153.1,980,0,0,0,0,0,0,0,0,2014-10-14 18:00:00,1413309600
636,636,698,2014,10,15,0,1419,VONGFONG,6,46.5,156.2,980,0,0,0,0,0,0,0,0,2014-10-15 00:00:00,1413331200
637,637,699,2014,10,15,6,1419,VONGFONG,6,48.4,160.4,980,0,0,0,0,0,0,0,0,2014-10-15 06:00:00,1413352800
638,638,700,2014,10,15,12,1419,VONGFONG,6,49.9,164.5,980,0,0,0,0,0,0,0,0,2014-10-15 12:00:00,1413374400
639,639,701,2014,10,15,18,1419,VONGFONG,6,51.2,169.3,980,0,0,0,0,0,0,0,0,2014-10-15 18:00:00,1413396000
640,640,702,2014,10,16,0,1419,VONGFONG,6,51.7,173.4,980,0,0,0,0,0,0,0,0,2014-10-16 00:00:00,1413417600
641,641,703,2014,10,16,6,1419,VONGFONG,6,51.5,177.8,980,0,0,0,0,0,0,0,0,2014-10-16 06:00:00,1413439200
642,642,704,2014,10,16,12,1419,VONGFONG,6,51.0,183.0,980,0,0,0,0,0,0,0,0,2014-10-16 12:00:00,1413460800
643,643,705,2014,10,30,0,1420,NURI,2,12.6,140.9,1004,0,0,0,0,0,0,0,0,2014-10-30 00:00:00,1414627200
644,644,706,2014,10,30,6,1420,NURI,2,12.6,139.7,1004,0,0,0,0,0,0,0,0,2014-10-30 06:00:00,1414648800
645,645,707,2014,10,30,12,1420,NURI,2,12.6,138.8,1004,0,0,0,0,0,0,0,0,2014-10-30 12:00:00,1414670400
646,646,708,2014,10,30,18,1420,NURI,2,12.4,138.0,1002,0,0,0,0,0,0,0,0,2014-10-30 18:00:00,1414692000
647,647,709,2014,10,31,0,1420,NURI,3,12.4,137.2,1000,35,0,0,0,9,80,80,0,2014-10-31 00:00:00,1414713600
648,648,710,2014,10,31,6,1420,NURI,3,12.5,136.4,1000,35,0,0,0,9,80,80,0,2014-10-31 06:00:00,1414735200
649,649,711,2014,10,31,12,1420,NURI,3,12.6,135.5,998,35,0,0,0,9,80,80,0,2014-10-31 12:00:00,1414756800
650,650,712,2014,10,31,18,1420,NURI,3,12.9,134.6,992,40,0,0,0,9,80,80,0,2014-10-31 18:00:00,1414778400
651,651,713,2014,11,1,0,1420,NURI,4,13.0,134.0,980,55,9,50,50,9,80,80,0,2014-11-01 00:00:00,1414800000
652,652,714,2014,11,1,6,1420,NURI,4,13.5,133.7,975,55,9,50,50,9,100,100,0,2014-11-01 06:00:00,1414821600
653,653,715,2014,11,1,12,1420,NURI,5,14.1,133.5,965,65,9,60,60,9,150,150,0,2014-11-01 12:00:00,1414843200
654,654,716,2014,11,1,18,1420,NURI,5,14.8,133.1,955,75,9,60,60,9,180,180,0,2014-11-01 18:00:00,1414864800
655,655,717,2014,11,2,0,1420,NURI,5,15.4,132.8,940,85,9,70,70,3,240,180,0,2014-11-02 00:00:00,1414886400
656,656,718,2014,11,2,6,1420,NURI,5,16.3,132.7,930,95,9,70,70,3,240,180,0,2014-11-02 06:00:00,1414908000
657,657,719,2014,11,2,12,1420,NURI,5,17.2,132.5,910,110,9,80,80,9,270,270,0,2014-11-02 12:00:00,1414929600
658,658,720,2014,11,2,18,1420,NURI,5,17.8,132.4,910,110,9,80,80,9,270,270,0,2014-11-02 18:00:00,1414951200
659,659,721,2014,11,3,0,1420,NURI,5,18.4,132.5,910,110,9,80,80,9,270,270,0,2014-11-03 00:00:00,1414972800
660,660,722,2014,11,3,6,1420,NURI,5,19.0,132.9,910,110,9,80,80,9,270,270,0,2014-11-03 06:00:00,1414994400
661,661,723,2014,11,3,12,1420,NURI,5,19.8,133.5,915,105,9,100,100,9,270,270,0,2014-11-03 12:00:00,1415016000
662,662,724,2014,11,3,18,1420,NURI,5,20.5,134.3,920,105,9,100,100,9,270,270,0,2014-11-03 18:00:00,1415037600
663,663,725,2014,11,4,0,1420,NURI,5,21.3,135.0,925,100,3,100,80,9,300,300,0,2014-11-04 00:00:00,1415059200
664,664,726,2014,11,4,6,1420,NURI,5,22.1,135.5,930,95,3,100,80,9,270,270,0,2014-11-04 06:00:00,1415080800
665,665,727,2014,11,4,12,1420,NURI,5,23.0,136.2,935,90,3,100,80,8,270,240,0,2014-11-04 12:00:00,1415102400
666,666,728,2014,11,4,18,1420,NURI,5,23.9,136.8,940,85,3,100,80,8,270,240,0,2014-11-04 18:00:00,1415124000
667,667,729,2014,11,5,0,1420,NURI,5,24.6,137.3,945,80,3,100,80,8,270,240,0,2014-11-05 00:00:00,1415145600
668,668,730,2014,11,5,6,1420,NURI,5,25.5,138.1,950,75,9,80,80,9,240,240,0,2014-11-05 06:00:00,1415167200
669,669,731,2014,11,5,12,1420,NURI,5,26.2,138.9,960,70,9,60,60,9,220,220,0,2014-11-05 12:00:00,1415188800
670,670,732,2014,11,5,18,1420,NURI,4,27.2,139.4,970,60,9,60,60,9,200,200,0,2014-11-05 18:00:00,1415210400
671,671,733,2014,11,6,0,1420,NURI,4,28.3,139.9,975,60,9,60,60,9,200,200,0,2014-11-06 00:00:00,1415232000
672,672,734,2014,11,6,6,1420,NURI,4,29.8,141.5,975,60,9,60,60,9,200,200,0,2014-11-06 06:00:00,1415253600
673,673,735,2014,11,6,12,1420,NURI,4,32.1,143.4,980,60,9,60,60,9,200,200,0,2014-11-06 12:00:00,1415275200
674,674,736,2014,11,6,18,1420,NURI,6,34.3,146.1,980,0,0,0,0,0,0,0,0,2014-11-06 18:00:00,1415296800
675,675,737,2014,11,7,0,1420,NURI,6,37.0,151.0,984,0,0,0,0,0,0,0,0,2014-11-07 00:00:00,1415318400
676,676,738,2014,11,7,6,1420,NURI,6,42.0,159.0,976,0,0,0,0,0,0,0,0,2014-11-07 06:00:00,1415340000
677,677,739,2014,11,26,0,1421,SINLAKU,2,8.4,128.0,1002,0,0,0,0,0,0,0,0,2014-11-26 00:00:00,1416960000
678,678,740,2014,11,26,6,1421,SINLAKU,2,8.9,126.8,1002,0,0,0,0,0,0,0,0,2014-11-26 06:00:00,1416981600
679,679,741,2014,11,26,12,1421,SINLAKU,2,9.3,125.3,1002,0,0,0,0,0,0,0,0,2014-11-26 12:00:00,1417003200
680,680,742,2014,11,26,18,1421,SINLAKU,2,9.7,124.0,1000,0,0,0,0,0,0,0,0,2014-11-26 18:00:00,1417024800
681,681,743,2014,11,27,0,1421,SINLAKU,2,9.9,122.6,1002,0,0,0,0,0,0,0,0,2014-11-27 00:00:00,1417046400
682,682,744,2014,11,27,6,1421,SINLAKU,2,9.9,121.4,1002,0,0,0,0,0,0,0,0,2014-11-27 06:00:00,1417068000
683,683,745,2014,11,27,12,1421,SINLAKU,2,10.0,120.3,1004,0,0,0,0,0,0,0,0,2014-11-27 12:00:00,1417089600
684,684,746,2014,11,27,18,1421,SINLAKU,2,10.6,118.5,1004,0,0,0,0,0,0,0,0,2014-11-27 18:00:00,1417111200
685,685,747,2014,11,28,0,1421,SINLAKU,3,11.2,117.3,1000,35,0,0,0,8,120,90,0,2014-11-28 00:00:00,1417132800
686,686,748,2014,11,28,6,1421,SINLAKU,3,11.5,115.8,996,40,0,0,0,8,120,90,0,2014-11-28 06:00:00,1417154400
687,687,749,2014,11,28,12,1421,SINLAKU,3,11.9,114.5,992,45,0,0,0,8,120,90,0,2014-11-28 12:00:00,1417176000
688,688,750,2014,11,28,18,1421,SINLAKU,3,12.2,113.1,992,45,0,0,0,8,120,90,0,2014-11-28 18:00:00,1417197600
689,689,751,2014,11,29,0,1421,SINLAKU,3,12.7,111.8,990,45,0,0,0,8,120,90,0,2014-11-29 00:00:00,1417219200
690,690,752,2014,11,29,6,1421,SINLAKU,3,13.0,110.7,992,45,0,0,0,8,120,90,0,2014-11-29 06:00:00,1417240800
691,691,753,2014,11,29,12,1421,SINLAKU,3,13.2,110.0,992,45,0,0,0,8,120,90,0,2014-11-29 12:00:00,1417262400
692,692,754,2014,11,29,18,1421,SINLAKU,3,13.4,109.2,992,45,0,0,0,9,90,90,0,2014-11-29 18:00:00,1417284000
693,693,755,2014,11,30,0,1421,SINLAKU,3,13.4,108.6,998,35,0,0,0,9,80,80,0,2014-11-30 00:00:00,1417305600
694,694,756,2014,11,30,6,1421,SINLAKU,2,13.3,107.9,1002,0,0,0,0,0,0,0,0,2014-11-30 06:00:00,1417327200
695,695,757,2014,11,30,12,1422,HAGUPIT,2,2.6,156.0,1006,0,0,0,0,0,0,0,0,2014-11-30 12:00:00,1417348800
696,696,758,2014,11,30,18,1422,HAGUPIT,2,3.6,154.8,1004,0,0,0,0,0,0,0,0,2014-11-30 18:00:00,1417370400
697,697,759,2014,12,1,0,1422,HAGUPIT,3,4.1,153.4,1000,35,0,0,0,9,120,120,0,2014-12-01 00:00:00,1417392000
698,698,760,2014,12,1,6,1422,HAGUPIT,3,4.9,152.2,998,35,0,0,0,9,120,120,0,2014-12-01 06:00:00,1417413600
699,699,761,2014,12,1,12,1422,HAGUPIT,3,5.5,150.7,994,40,0,0,0,9,120,120,0,2014-12-01 12:00:00,1417435200
700,700,762,2014,12,1,18,1422,HAGUPIT,3,5.9,148.9,990,45,0,0,0,9,120,120,0,2014-12-01 18:00:00,1417456800
701,701,763,2014,12,2,0,1422,HAGUPIT,4,5.9,146.9,985,50,0,0,0,9,180,180,0,2014-12-02 00:00:00,1417478400
702,702,764,2014,12,2,6,1422,HAGUPIT,4,6.1,145.1,980,55,9,50,50,9,180,180,0,2014-12-02 06:00:00,1417500000
703,703,765,2014,12,2,12,1422,HAGUPIT,4,6.2,143.5,975,60,9,50,50,9,180,180,0,2014-12-02 12:00:00,1417521600
704,704,766,2014,12,2,18,1422,HAGUPIT,5,6.6,142.1,965,70,9,50,50,9,180,180,0,2014-12-02 18:00:00,1417543200
705,705,767,2014,12,3,0,1422,HAGUPIT,5,7.5,140.5,955,75,9,60,60,9,180,180,0,2014-12-03 00:00:00,1417564800
706,706,768,2014,12,3,6,1422,HAGUPIT,5,8.2,138.6,950,80,9,60,60,9,180,180,0,2014-12-03 06:00:00,1417586400
707,707,769,2014,12,3,12,1422,HAGUPIT,5,8.7,136.8,945,85,9,70,70,9,210,210,0,2014-12-03 12:00:00,1417608000
708,708,770,2014,12,3,18,1422,HAGUPIT,5,9.2,135.3,935,95,9,70,70,9,210,210,0,2014-12-03 18:00:00,1417629600
709,709,771,2014,12,4,0,1422,HAGUPIT,5,9.8,133.8,915,105,9,80,80,9,210,210,0,2014-12-04 00:00:00,1417651200
710,710,772,2014,12,4,6,1422,HAGUPIT,5,10.4,132.4,905,115,9,80,80,9,210,210,0,2014-12-04 06:00:00,1417672800
711,711,773,2014,12,4,12,1422,HAGUPIT,5,11.0,131.3,905,115,9,80,80,9,210,210,0,2014-12-04 12:00:00,1417694400
712,712,774,2014,12,4,18,1422,HAGUPIT,5,11.4,130.4,905,115,9,80,80,8,240,180,0,2014-12-04 18:00:00,1417716000
713,713,775,2014,12,5,0,1422,HAGUPIT,5,11.6,129.7,910,110,9,60,60,8,270,180,0,2014-12-05 00:00:00,1417737600
714,714,776,2014,12,5,6,1422,HAGUPIT,5,11.9,129.0,910,110,9,60,60,8,325,150,0,2014-12-05 06:00:00,1417759200
715,715,777,2014,12,5,12,1422,HAGUPIT,5,12.0,128.5,910,110,9,60,60,8,325,150,0,2014-12-05 12:00:00,1417780800
716,716,778,2014,12,5,18,1422,HAGUPIT,5,12.0,128.0,925,100,9,60,60,8,325,150,0,2014-12-05 18:00:00,1417802400
717,717,779,2014,12,6,0,1422,HAGUPIT,5,12.0,127.3,935,95,9,60,60,8,325,150,0,2014-12-06 00:00:00,1417824000
718,718,780,2014,12,6,6,1422,HAGUPIT,5,12.1,126.6,935,95,9,60,60,8,270,150,0,2014-12-06 06:00:00,1417845600
719,719,781,2014,12,6,12,1422,HAGUPIT,5,12.0,125.9,945,90,9,60,60,8,270,150,0,2014-12-06 12:00:00,1417867200
720,720,782,2014,12,6,18,1422,HAGUPIT,5,11.8,125.3,945,90,9,60,60,8,270,150,0,2014-12-06 18:00:00,1417888800
721,721,783,2014,12,7,0,1422,HAGUPIT,5,11.9,124.6,955,85,9,60,60,8,270,150,0,2014-12-07 00:00:00,1417910400
722,722,784,2014,12,7,6,1422,HAGUPIT,5,12.2,124.1,955,85,9,60,60,8,240,150,0,2014-12-07 06:00:00,1417932000
723,723,785,2014,12,7,12,1422,HAGUPIT,5,12.5,123.6,965,75,9,50,50,8,210,150,0,2014-12-07 12:00:00,1417953600
724,724,786,2014,12,7,18,1422,HAGUPIT,5,12.8,123.1,975,65,9,50,50,8,210,150,0,2014-12-07 18:00:00,1417975200
725,725,787,2014,12,8,0,1422,HAGUPIT,4,13.2,122.6,980,60,9,40,40,8,180,120,0,2014-12-08 00:00:00,1417996800
726,726,788,2014,12,8,6,1422,HAGUPIT,4,13.5,122.0,985,55,9,40,40,9,120,120,0,2014-12-08 06:00:00,1418018400
727,727,789,2014,12,8,12,1422,HAGUPIT,3,13.7,121.2,990,45,0,0,0,9,120,120,0,2014-12-08 12:00:00,1418040000
728,728,790,2014,12,8,18,1422,HAGUPIT,3,13.7,121.0,990,40,0,0,0,9,120,120,0,2014-12-08 18:00:00,1418061600
729,729,791,2014,12,9,0,1422,HAGUPIT,3,13.7,120.6,994,35,0,0,0,9,120,120,0,2014-12-09 00:00:00,1418083200
730,730,792,2014,12,9,6,1422,HAGUPIT,3,13.6,119.7,994,35,0,0,0,9,120,120,0,2014-12-09 06:00:00,1418104800
731,731,793,2014,12,9,12,1422,HAGUPIT,3,13.6,118.9,990,40,0,0,0,9,120,120,0,2014-12-09 12:00:00,1418126400
732,732,794,2014,12,9,18,1422,HAGUPIT,3,13.7,117.9,990,40,0,0,0,9,120,120,0,2014-12-09 18:00:00,1418148000
733,733,795,2014,12,10,0,1422,HAGUPIT,3,13.7,116.9,990,40,0,0,0,9,120,120,0,2014-12-10 00:00:00,1418169600
734,734,796,2014,12,10,6,1422,HAGUPIT,3,13.8,116.0,990,40,0,0,0,9,120,120,0,2014-12-10 06:00:00,1418191200
735,735,797,2014,12,10,12,1422,HAGUPIT,3,13.8,115.3,990,40,0,0,0,9,90,90,0,2014-12-10 12:00:00,1418212800
736,736,798,2014,12,10,18,1422,HAGUPIT,3,13.8,114.3,990,40,0,0,0,9,90,90,0,2014-12-10 18:00:00,1418234400
737,737,799,2014,12,11,0,1422,HAGUPIT,3,13.6,113.4,996,35,0,0,0,9,90,90,0,2014-12-11 00:00:00,1418256000
738,738,800,2014,12,11,6,1422,HAGUPIT,2,13.1,112.5,1002,0,0,0,0,0,0,0,0,2014-12-11 06:00:00,1418277600
739,739,801,2014,12,11,12,1422,HAGUPIT,2,12.4,111.6,1004,0,0,0,0,0,0,0,0,2014-12-11 12:00:00,1418299200
740,740,802,2014,12,11,18,1422,HAGUPIT,2,11.6,110.8,1006,0,0,0,0,0,0,0,0,2014-12-11 18:00:00,1418320800
741,741,803,2014,12,12,0,1422,HAGUPIT,2,10.3,110.0,1008,0,0,0,0,0,0,0,0,2014-12-12 00:00:00,1418342400
742,742,804,2014,12,12,6,1422,HAGUPIT,2,9.2,109.2,1008,0,0,0,0,0,0,0,0,2014-12-12 06:00:00,1418364000
743,743,805,2014,12,28,0,1423,JANGMI,2,7.4,128.7,1006,0,0,0,0,0,0,0,0,2014-12-28 00:00:00,1419724800
744,744,806,2014,12,28,6,1423,JANGMI,2,7.9,128.0,1002,0,0,0,0,0,0,0,0,2014-12-28 06:00:00,1419746400
745,745,807,2014,12,28,12,1423,JANGMI,3,8.2,127.2,1000,35,0,0,0,8,130,90,0,2014-12-28 12:00:00,1419768000
746,746,808,2014,12,28,18,1423,JANGMI,3,8.6,126.6,998,35,0,0,0,8,130,90,0,2014-12-28 18:00:00,1419789600
747,747,809,2014,12,29,0,1423,JANGMI,3,9.0,126.0,1000,35,0,0,0,8,130,90,0,2014-12-29 00:00:00,1419811200
748,748,810,2014,12,29,6,1423,JANGMI,3,9.4,125.4,998,35,0,0,0,8,130,90,0,2014-12-29 06:00:00,1419832800
749,749,811,2014,12,29,12,1423,JANGMI,3,9.5,124.7,998,35,0,0,0,8,130,90,0,2014-12-29 12:00:00,1419854400
750,750,812,2014,12,29,18,1423,JANGMI,3,9.9,124.1,996,40,0,0,0,8,150,90,0,2014-12-29 18:00:00,1419876000
751,751,813,2014,12,30,0,1423,JANGMI,3,10.1,123.0,998,35,0,0,0,8,130,90,0,2014-12-30 00:00:00,1419897600
752,752,814,2014,12,30,6,1423,JANGMI,3,9.6,122.4,1000,35,0,0,0,9,90,90,0,2014-12-30 06:00:00,1419919200
753,753,815,2014,12,30,12,1423,JANGMI,2,9.4,122.1,1002,0,0,0,0,0,0,0,0,2014-12-30 12:00:00,1419940800
754,754,816,2014,12,30,18,1423,JANGMI,2,9.0,121.8,1002,0,0,0,0,0,0,0,0,2014-12-30 18:00:00,1419962400
755,755,817,2014,12,31,0,1423,JANGMI,2,8.7,121.6,1004,0,0,0,0,0,0,0,0,2014-12-31 00:00:00,1419984000
756,756,818,2014,12,31,6,1423,JANGMI,2,8.2,120.8,1002,0,0,0,0,0,0,0,0,2014-12-31 06:00:00,1420005600
757,757,819,2014,12,31,12,1423,JANGMI,2,7.5,120.4,1004,0,0,0,0,0,0,0,0,2014-12-31 12:00:00,1420027200
758,758,820,2014,12,31,18,1423,JANGMI,2,6.9,119.5,1004,0,0,0,0,0,0,0,0,2014-12-31 18:00:00,1420048800
759,759,821,2015,1,1,0,1423,JANGMI,2,6.8,119.0,1006,0,0,0,0,0,0,0,0,2015-01-01 00:00:00,1420070400
760,760,822,2015,1,1,6,1423,JANGMI,2,6.6,118.5,1004,0,0,0,0,0,0,0,0,2015-01-01 06:00:00,1420092000
761,761,823,2015,1,1,12,1423,JANGMI,2,6.4,117.5,1006,0,0,0,0,0,0,0,0,2015-01-01 12:00:00,1420113600
